adoption_id,customer_id,pet_id,adoption_date,adoption_event_id
1,589,1,2021-10-27,8
2,539,2,2021-09-30,
3,1392,3,2021-04-12,
4,927,4,2023-11-01,
5,354,5,2020-03-09,
6,322,7,2022-06-15,11
7,1241,8,2021-02-18,
8,650,11,2023-08-20,
9,1190,13,2022-11-24,
10,676,14,2019-05-28,
11,54,15,2023-02-02,13
12,86,16,2022-07-08,
13,1317,17,2023-06-11,15
14,813,18,2023-11-14,
15,768,19,2023-09-09,
16,580,20,2022-05-26,
17,1097,21,2019-12-18,
18,1427,22,2023-08-27,15
19,64,23,2023-08-31,
20,1139,24,2022-04-18,10
21,800,26,2023-04-27,14
22,519,27,2021-11-17,
23,734,29,2023-12-18,
24,192,30,2021-07-23,
25,125,31,2023-02-10,
26,603,32,2022-11-29,
27,615,33,2022-05-13,
28,1242,35,2022-09-10,
29,983,36,2022-03-28,10
30,1200,37,2022-07-11,
31,789,38,2023-09-11,
32,433,39,2020-02-20,1
33,960,40,2022-06-01,
34,1089,41,2023-10-28,
35,860,44,2023-12-31,
36,303,45,2022-12-09,
37,650,46,2022-06-12,
38,3,47,2022-03-26,
39,788,49,2021-10-20,
40,1149,50,2022-01-20,
41,284,52,2023-03-26,
42,1301,55,2023-03-05,
43,456,56,2023-02-25,13
44,20,58,2021-02-23,5
45,1035,59,2022-12-13,12
46,1350,60,2023-08-22,15
47,389,62,2022-05-29,10
48,1135,63,2023-06-20,
49,449,64,2023-10-03,
50,285,65,2021-01-17,
51,598,66,2023-05-16,
52,71,67,2023-05-17,
53,632,68,2021-05-08,
54,1407,69,2023-12-03,16
55,704,70,2019-11-26,
56,54,71,2023-08-05,
57,1120,72,2022-07-17,
58,13,74,2019-11-02,
59,144,77,2021-04-11,6
60,7,78,2023-05-01,14
61,1024,79,2020-08-24,
62,1130,80,2020-09-29,
63,1106,81,2023-07-26,15
64,248,82,2023-10-25,
65,738,83,2023-08-23,
66,1085,84,2023-01-02,12
67,1432,85,2023-07-14,
68,51,86,2023-05-10,
69,70,89,2023-10-26,16
70,635,91,2022-03-13,
71,373,92,2023-10-20,
72,863,93,2023-02-22,
73,532,94,2022-09-24,
74,690,95,2020-01-21,
75,43,96,2021-01-11,
76,1329,97,2023-04-11,
77,1163,98,2023-09-24,
78,462,99,2023-03-07,14
79,864,100,2022-06-25,
80,969,101,2022-04-04,
81,818,103,2020-12-13,
82,705,105,2022-01-31,
83,606,106,2021-10-02,
84,1224,107,2023-08-16,
85,1092,108,2021-04-30,6
86,367,109,2023-04-17,14
87,1228,110,2023-08-09,15
88,357,111,2022-11-23,
89,95,112,2022-06-01,
90,1402,113,2023-11-04,16
91,1232,114,2022-01-05,9
92,408,115,2020-11-21,4
93,210,116,2023-12-07,
94,956,120,2023-06-09,15
95,590,121,2022-05-26,10
96,527,122,2022-05-11,10
97,940,123,2023-12-03,
98,263,125,2022-08-01,
99,777,126,2023-12-02,16
100,388,127,2023-01-07,
101,18,128,2020-12-17,
102,183,129,2021-02-10,
103,574,130,2023-09-29,
104,984,131,2023-02-02,13
105,578,132,2023-05-10,
106,1180,133,2019-12-30,
107,189,134,2021-11-08,8
108,1326,135,2020-07-06,
109,391,138,2023-12-27,
110,1347,139,2019-11-03,
111,209,141,2023-08-11,
112,1191,142,2023-04-21,14
113,966,144,2023-05-20,14
114,471,145,2023-03-01,
115,559,146,2023-11-08,16
116,1047,147,2023-06-03,14
117,195,149,2023-05-01,
118,534,150,2023-11-03,16
119,371,152,2023-02-22,13
120,1438,153,2020-02-24,
121,333,156,2022-06-20,
122,854,157,2022-10-20,
123,1418,158,2020-11-26,4
124,1377,159,2021-06-26,
125,133,160,2022-12-28,
126,958,162,2022-11-24,
127,707,163,2022-10-15,
128,1300,164,2022-04-10,
129,216,166,2021-04-14,6
130,1096,167,2018-11-09,
131,617,170,2023-05-24,
132,839,171,2023-08-16,15
133,941,172,2021-08-30,7
134,540,175,2019-05-17,
135,344,176,2021-12-27,8
136,699,177,2023-09-07,
137,725,180,2022-09-08,12
138,137,181,2023-12-17,
139,415,182,2023-07-23,
140,399,184,2022-10-05,
141,265,185,2021-12-29,
142,1142,187,2021-06-05,
143,288,188,2023-09-10,
144,808,190,2023-02-27,
145,1432,192,2023-09-14,
146,766,193,2022-09-05,
147,241,194,2021-02-25,
148,1124,195,2023-09-16,
149,796,196,2023-11-07,16
150,1026,197,2023-03-26,
151,729,198,2023-08-11,
152,350,199,2023-10-11,16
153,1332,200,2022-01-02,8
154,420,203,2021-08-21,
155,338,204,2023-05-18,
156,811,205,2022-11-02,
157,630,206,2019-05-10,
158,1441,207,2022-12-09,
159,1342,208,2022-07-13,
160,1017,210,2020-12-23,4
161,698,211,2022-10-11,
162,246,212,2022-12-12,
163,1016,213,2020-07-21,
164,63,214,2021-01-16,
165,212,215,2023-06-23,
166,900,216,2023-10-08,
167,384,217,2021-09-01,7
168,669,218,2022-12-04,
169,968,219,2022-03-21,10
170,461,222,2022-10-09,
171,817,223,2020-05-22,
172,955,224,2021-11-28,8
173,155,225,2023-10-23,
174,1114,226,2020-08-18,
175,579,227,2019-11-20,
176,759,228,2022-10-02,12
177,780,229,2023-04-10,14
178,370,231,2021-11-08,8
179,679,232,2022-06-06,11
180,57,233,2021-11-17,8
181,41,234,2023-09-28,
182,83,235,2023-10-27,
183,925,236,2023-09-26,
184,1279,237,2023-07-06,
185,200,238,2023-12-13,
186,1023,239,2022-07-11,
187,992,240,2020-09-20,
188,983,241,2022-07-21,
189,32,242,2021-05-26,
190,157,243,2023-11-14,
191,781,244,2021-10-19,
192,814,245,2023-12-29,
193,329,246,2018-12-18,
194,17,247,2022-09-24,
195,605,248,2023-09-25,
196,228,250,2023-05-16,14
197,794,252,2023-11-06,
198,364,253,2023-10-31,
199,196,254,2022-09-20,
200,577,255,2021-09-19,
201,638,256,2023-03-11,14
202,235,257,2023-08-01,15
203,1053,259,2021-07-06,7
204,865,260,2022-01-26,9
205,82,262,2022-11-27,12
206,165,263,2023-10-03,
207,1177,264,2023-09-29,
208,352,266,2021-11-23,
209,883,267,2023-10-29,
210,1208,268,2023-03-09,
211,191,269,2020-04-17,
212,1428,270,2019-12-15,
213,1266,271,2023-12-27,16
214,494,272,2022-05-21,
215,670,274,2023-05-10,
216,1178,275,2023-08-02,15
217,971,276,2020-10-29,
218,787,277,2022-08-14,
219,1433,278,2023-05-30,
220,658,279,2022-08-23,
221,646,280,2023-01-28,
222,902,281,2022-08-04,
223,596,283,2021-04-27,6
224,285,284,2022-07-09,11
225,72,285,2023-04-30,
226,272,286,2023-12-05,
227,776,287,2023-05-05,
228,1337,289,2022-05-04,
229,106,290,2022-03-18,10
230,139,293,2023-02-08,
231,1383,295,2023-11-19,
232,887,296,2022-02-03,
233,793,297,2023-09-26,16
234,75,298,2022-05-19,
235,1306,300,2023-05-09,14
236,600,301,2021-07-14,7
237,397,303,2021-12-21,8
238,643,304,2022-11-22,
239,126,306,2018-02-28,
240,85,307,2023-01-22,13
241,130,308,2019-09-29,
242,879,309,2022-10-29,
243,1302,311,2021-01-20,
244,870,313,2023-06-17,
245,930,314,2019-12-03,
246,643,315,2020-07-09,
247,850,316,2022-01-17,
248,518,317,2023-04-28,
249,664,318,2023-04-12,
250,237,321,2022-11-26,12
251,40,323,2022-09-20,12
252,127,325,2022-01-18,9
253,586,326,2021-04-23,
254,1196,327,2023-04-11,14
255,676,328,2022-06-21,
256,528,329,2017-12-25,
257,861,330,2023-09-20,
258,29,331,2022-11-15,
259,1128,332,2019-01-17,
260,675,333,2022-12-30,12
261,233,334,2023-08-14,
262,28,336,2023-07-12,
263,1388,337,2023-12-31,
264,1284,338,2022-11-18,
265,650,340,2022-02-27,9
266,838,342,2020-05-14,
267,405,343,2023-04-07,
268,25,344,2022-04-11,10
269,903,345,2022-07-11,11
270,312,347,2020-05-26,2
271,101,348,2022-01-27,
272,148,349,2022-06-22,
273,1079,351,2021-11-20,8
274,678,352,2021-04-19,
275,715,353,2021-11-29,8
276,1340,354,2022-03-18,
277,878,355,2022-01-16,9
278,1229,357,2018-10-14,
279,1400,358,2020-09-14,
280,1176,359,2019-12-12,
281,1421,360,2022-08-09,11
282,109,361,2023-01-28,
283,1362,362,2023-12-26,
284,1408,363,2023-12-27,
285,530,364,2021-03-26,6
286,912,365,2023-09-18,
287,170,366,2023-09-13,
288,107,367,2023-12-12,
289,1422,368,2023-05-13,14
290,918,369,2023-02-05,13
291,62,370,2022-06-20,
292,508,371,2023-12-30,16
293,945,372,2023-01-23,
294,14,374,2019-11-05,
295,1122,375,2023-07-08,15
296,1179,376,2021-08-27,
297,1414,377,2023-12-05,
298,1202,378,2022-12-16,12
299,1368,379,2022-05-28,
300,1186,381,2023-10-23,
301,710,382,2021-11-20,8
302,829,383,2023-11-10,16
303,915,384,2023-10-11,
304,5,385,2023-05-27,
305,697,386,2021-08-28,
306,816,389,2021-11-20,
307,986,391,2023-09-13,
308,256,392,2023-12-03,
309,16,393,2020-04-09,
310,503,395,2022-10-08,
311,831,396,2023-07-04,15
312,1360,397,2023-05-10,14
313,240,398,2023-12-16,
314,827,399,2023-02-10,
315,1212,400,2021-02-22,
316,1411,401,2022-02-07,9
317,1155,403,2023-01-26,13
318,270,404,2023-10-03,
319,437,405,2022-02-19,9
320,39,406,2022-02-07,
321,1346,409,2019-12-28,
322,11,411,2023-09-09,
323,450,412,2021-03-31,6
324,536,414,2023-10-28,16
325,821,415,2022-06-10,
326,1256,417,2021-04-19,6
327,1239,418,2020-04-11,
328,564,419,2020-11-14,4
329,1083,420,2021-10-25,8
330,663,422,2021-10-27,
331,551,423,2022-11-14,12
332,18,424,2023-06-16,
333,1274,425,2022-04-27,
334,1226,427,2020-08-06,
335,113,428,2018-11-01,
336,340,430,2023-08-07,
337,1044,431,2023-01-06,
338,553,432,2022-09-03,11
339,959,433,2023-03-20,14
340,520,434,2023-03-21,
341,331,435,2023-07-22,
342,61,439,2023-08-09,
343,94,440,2022-07-21,
344,1430,441,2021-12-23,8
345,466,442,2021-01-25,
346,436,444,2021-10-03,
347,1113,445,2023-07-16,
348,213,447,2023-02-25,13
349,761,448,2023-10-07,
350,1237,449,2020-11-21,
351,99,450,2023-05-13,14
352,1107,451,2023-01-15,
353,867,452,2019-10-24,
354,668,453,2023-11-20,16
355,1260,454,2023-10-27,
356,683,455,2023-11-11,
357,1123,456,2022-05-16,
358,1250,457,2023-07-11,15
359,292,458,2023-12-31,16
360,605,459,2022-11-03,
361,1372,461,2023-10-10,
362,736,462,2022-04-26,10
363,752,463,2021-05-23,6
364,1322,464,2021-01-11,5
365,1247,465,2023-06-18,
366,1223,466,2022-08-10,11
367,211,467,2023-12-27,
368,151,469,2023-07-27,
369,1417,470,2022-02-23,
370,651,471,2022-06-29,
371,282,473,2019-07-18,
372,976,475,2023-12-02,
373,131,476,2023-11-14,
374,193,477,2021-08-27,
375,1192,478,2020-02-06,1
376,807,479,2021-05-04,
377,1066,480,2021-12-22,8
378,1366,483,2022-07-18,
379,208,485,2022-09-10,
380,844,486,2022-12-21,
381,1394,487,2022-08-28,
382,334,488,2021-10-24,
383,842,494,2020-08-23,
384,907,495,2023-03-22,14
385,1199,496,2022-09-11,
386,772,497,2023-01-20,
387,91,498,2023-11-23,16
388,1413,500,2020-12-26,4
389,412,501,2023-06-18,15
390,365,502,2022-02-12,
391,315,503,2023-12-21,
392,418,505,2022-10-09,12
393,49,506,2022-05-29,
394,175,507,2023-11-23,
395,451,508,2023-02-26,
396,647,509,2023-09-10,16
397,112,510,2019-09-09,
398,1104,511,2023-10-09,16
399,475,512,2023-12-02,
400,378,513,2023-04-14,
401,602,514,2022-10-05,
402,985,515,2023-12-27,
403,1282,516,2022-10-27,
404,987,517,2023-12-12,
405,1341,518,2022-10-28,
406,1015,520,2020-01-22,
407,775,521,2019-06-02,
408,1244,522,2022-06-02,
409,547,523,2023-12-19,16
410,1085,525,2019-05-29,
411,390,526,2023-09-29,16
412,1160,528,2023-10-01,
413,1324,529,2023-12-27,
414,55,530,2022-12-05,
415,973,531,2023-11-12,
416,203,532,2023-08-30,
417,459,533,2018-02-24,
418,465,534,2022-06-03,10
419,1059,535,2021-12-21,
420,383,536,2023-02-18,
421,1117,537,2021-06-30,7
422,52,538,2023-07-07,15
423,972,539,2022-06-26,
424,552,541,2023-12-07,
425,889,542,2022-12-09,12
426,981,543,2020-02-23,
427,1221,544,2023-10-15,16
428,893,545,2022-06-03,10
429,1437,546,2023-06-16,
430,177,547,2023-08-09,
431,655,548,2023-08-17,
432,908,549,2023-01-21,
433,416,551,2023-05-23,14
434,1005,552,2023-10-27,
435,1165,553,2023-10-13,16
436,531,554,2023-11-10,
437,1352,556,2021-07-07,
438,395,557,2022-04-20,10
439,198,558,2023-02-05,
440,300,559,2021-09-25,8
441,975,560,2023-08-25,
442,905,561,2023-09-06,
443,1087,562,2022-06-26,
444,1373,564,2022-08-14,
445,995,566,2022-07-23,11
446,325,567,2022-11-12,
447,1033,568,2022-06-08,
448,201,569,2023-02-21,13
449,406,570,2023-08-17,
450,595,573,2021-07-16,
451,659,575,2023-04-28,
452,1431,578,2023-08-29,15
453,604,580,2020-10-10,
454,533,582,2023-03-28,
455,34,585,2022-03-09,10
456,756,586,2021-01-06,5
457,943,587,2020-10-02,
458,1436,588,2022-05-05,10
459,476,589,2022-02-02,9
460,525,590,2020-04-26,2
461,890,591,2023-04-11,14
462,448,592,2020-12-21,4
463,314,594,2020-09-08,4
464,998,595,2023-10-30,
465,1438,598,2021-08-05,
466,190,599,2020-11-22,4
467,366,600,2021-11-18,
468,335,601,2021-05-27,
469,168,603,2022-09-01,
470,1004,604,2022-06-30,
471,1406,607,2023-06-20,
472,1299,608,2023-03-29,14
473,906,610,2023-04-21,
474,708,611,2023-06-19,15
475,872,612,2023-08-15,
476,625,613,2022-04-07,10
477,115,615,2021-11-29,8
478,786,616,2020-07-21,
479,802,617,2022-02-03,
480,68,618,2023-09-15,16
481,1061,619,2021-03-04,6
482,728,621,2019-09-11,
483,774,622,2020-04-03,
484,206,623,2023-03-08,
485,743,625,2022-10-27,12
486,434,626,2022-03-03,
487,1020,627,2022-07-15,11
488,694,629,2023-12-17,
489,490,631,2022-11-27,
490,642,633,2021-11-29,
491,938,634,2021-11-07,8
492,782,635,2022-06-14,11
493,455,636,2023-07-07,15
494,224,637,2023-11-30,
495,760,638,2023-08-13,15
496,226,639,2021-11-22,8
497,481,640,2022-03-11,
498,757,643,2019-10-19,
499,822,644,2023-05-07,14
500,713,645,2023-09-25,16
501,1435,646,2023-02-19,
502,24,648,2023-05-31,
503,1403,649,2020-10-22,
504,596,650,2021-07-31,
505,1385,651,2023-09-05,
506,513,652,2022-11-05,
507,962,653,2022-10-21,
508,1382,654,2019-03-29,
509,641,655,2022-09-24,
510,67,656,2021-11-18,8
511,1361,657,2023-02-16,
512,259,658,2019-12-27,
513,103,660,2021-12-26,8
514,1252,661,2022-10-26,12
515,983,663,2023-01-28,13
516,100,664,2020-04-15,2
517,1209,665,2023-10-02,16
518,1231,666,2022-06-20,
519,768,667,2019-10-22,
520,555,668,2023-08-28,
521,716,669,2023-12-26,16
522,881,670,2022-12-29,12
523,404,671,2023-02-02,
524,149,672,2023-07-10,
525,238,676,2022-04-01,
526,1055,678,2023-09-12,
527,441,679,2022-10-24,
528,989,680,2020-12-23,
529,457,681,2023-12-04,16
530,1268,683,2020-04-21,
531,633,685,2023-10-19,
532,1286,686,2023-12-29,
533,855,687,2023-03-11,
534,684,688,2023-11-24,16
535,1317,689,2023-12-17,
536,4,690,2023-06-24,
537,696,691,2021-08-17,
538,1027,692,2021-11-04,
539,244,693,2021-11-18,8
540,215,695,2021-02-26,
541,23,696,2020-11-29,4
542,1225,697,2020-01-04,1
543,1216,698,2021-07-17,
544,672,699,2019-10-12,
545,1039,700,2021-07-05,
546,60,701,2023-01-11,
547,1014,702,2020-10-24,4
548,93,703,2023-04-02,14
549,792,705,2022-09-07,
550,1308,706,2023-01-02,12
551,1116,708,2022-12-29,
552,726,710,2022-06-30,11
553,997,711,2022-07-18,
554,764,713,2023-10-05,16
555,1356,714,2023-12-26,16
556,562,715,2022-05-23,
557,979,716,2022-09-15,
558,487,718,2023-11-22,16
559,1386,719,2023-10-18,
560,160,720,2022-09-23,12
561,1206,721,2023-08-04,
562,1335,722,2022-04-07,
563,1405,723,2023-07-13,
564,896,724,2022-09-26,12
565,1285,726,2023-05-01,14
566,145,727,2023-11-29,
567,1334,728,2022-11-30,
568,1080,729,2022-05-28,10
569,36,730,2023-07-16,15
570,362,731,2022-02-05,
571,742,732,2020-05-25,2
572,1002,734,2022-10-06,
573,922,735,2019-02-12,
574,320,736,2023-12-28,
575,626,737,2023-11-06,
576,897,738,2021-11-20,8
577,584,739,2022-11-21,
578,1085,740,2023-09-05,16
579,1316,741,2019-06-28,
580,1156,742,2023-03-26,
581,1146,743,2021-03-14,6
582,1,744,2023-06-13,15
583,1075,745,2020-12-30,4
584,801,746,2017-10-26,
585,1119,747,2023-03-22,
586,1144,748,2022-07-16,
587,950,749,2020-04-01,
588,255,751,2022-04-18,
589,182,753,2022-02-11,9
590,78,754,2022-10-09,12
591,261,755,2019-09-21,
592,324,756,2023-11-18,16
593,1204,757,2023-12-25,
594,592,758,2022-07-23,
595,770,760,2022-04-12,10
596,293,761,2023-11-19,16
597,628,762,2020-02-21,1
598,846,763,2023-01-01,12
599,1077,764,2023-12-22,
600,1271,765,2022-10-25,
601,735,766,2020-07-26,3
602,488,767,2021-02-10,
603,1137,768,2023-06-11,15
604,45,769,2023-02-24,13
605,484,770,2023-04-18,
606,1105,771,2023-08-31,
607,951,773,2023-07-21,
608,1098,774,2020-08-27,
609,851,776,2023-11-21,
610,582,777,2023-11-15,
611,1068,778,2023-02-16,
612,753,779,2020-05-28,
613,359,781,2023-11-10,
614,939,783,2023-11-05,16
615,422,784,2022-10-12,12
616,1357,785,2023-09-20,
617,174,786,2022-08-22,
618,1084,787,2023-03-24,
619,291,788,2022-04-09,
620,629,789,2023-10-28,
621,751,790,2021-01-10,5
622,1280,791,2021-10-01,
623,1012,792,2023-03-15,
624,1201,793,2022-07-18,
625,307,794,2023-11-25,
626,230,795,2023-12-22,
627,275,796,2022-12-10,
628,1313,797,2023-11-06,
629,1312,798,2022-09-16,
630,1168,799,2022-02-16,
631,493,801,2021-05-06,6
632,381,802,2021-10-16,
633,1310,803,2020-12-19,
634,283,804,2022-06-15,
635,253,806,2023-05-16,
636,461,807,2021-05-18,
637,267,808,2021-05-20,
638,446,809,2022-04-30,10
639,427,810,2020-11-24,
640,1304,811,2023-08-15,
641,1355,812,2021-08-14,
642,1036,813,2023-03-20,14
643,48,814,2023-12-13,16
644,759,815,2022-08-12,11
645,685,817,2018-12-04,
646,1272,818,2022-07-25,11
647,1258,819,2023-08-13,
648,727,820,2020-12-09,4
649,692,821,2020-05-20,
650,847,822,2023-02-22,13
651,1073,826,2020-11-03,
652,730,827,2023-08-24,
653,1082,828,2022-01-05,9
654,550,829,2021-11-22,8
655,599,830,2018-06-23,
656,654,831,2022-10-20,
657,904,832,2023-11-10,16
658,1108,833,2021-07-03,7
659,841,835,2019-11-11,
660,825,836,2022-02-18,9
661,162,837,2023-12-13,16
662,142,838,2023-06-15,
663,687,839,2023-01-05,13
664,1384,840,2020-11-03,
665,1161,843,2022-04-02,
666,178,845,2019-04-23,
667,1007,846,2023-02-23,
668,681,847,2023-11-05,
669,1424,848,2023-12-04,
670,824,849,2023-05-13,
671,298,850,2023-06-21,
672,977,851,2019-09-23,
673,848,852,2023-12-07,16
674,853,853,2018-01-09,
675,970,856,2021-01-15,5
676,634,857,2023-12-19,
677,224,858,2019-02-16,
678,795,859,2022-09-24,
679,61,860,2023-01-25,
680,42,861,2023-12-23,
681,1379,862,2020-12-26,4
682,868,863,2021-09-01,
683,118,865,2021-07-14,
684,402,866,2019-08-31,
685,936,867,2022-06-30,
686,1345,869,2022-02-23,
687,1057,871,2021-05-26,
688,833,872,2023-07-14,15
689,304,873,2023-06-12,
690,1395,874,2023-02-13,
691,774,875,2023-03-26,
692,400,876,2023-08-27,
693,835,877,2021-06-25,7
694,413,878,2021-04-20,
695,317,879,2023-07-01,15
696,1174,880,2023-10-13,16
697,431,882,2018-03-26,
698,423,885,2021-03-30,
699,438,886,2023-10-26,
700,1060,888,2023-07-25,
701,1296,890,2022-07-11,11
702,478,891,2022-10-07,12
703,1193,892,2023-06-04,
704,721,893,2021-05-07,
705,505,894,2023-03-04,
706,199,895,2022-05-27,10
707,546,896,2023-02-22,13
708,510,897,2020-10-31,
709,136,898,2022-03-14,
710,1322,900,2021-10-18,8
711,119,901,2021-07-30,
712,1425,902,2022-09-24,
713,741,904,2022-12-05,
714,803,905,2022-06-04,10
715,214,906,2022-12-21,
716,1078,907,2023-12-25,16
717,41,908,2022-07-26,11
718,1410,909,2020-05-03,
719,66,912,2022-06-08,11
720,1234,913,2021-12-08,
721,1054,915,2023-11-08,16
722,1434,916,2023-08-01,
723,249,918,2019-01-25,
724,898,919,2023-08-12,
725,1243,920,2022-08-25,
726,1025,921,2022-09-28,
727,265,922,2019-01-04,
728,1197,923,2021-10-25,8
729,123,925,2023-07-19,
730,832,926,2022-07-28,
731,332,927,2020-03-21,
732,686,928,2022-07-03,11
733,688,929,2022-10-27,12
734,349,930,2022-09-04,
735,834,931,2023-01-11,
736,380,932,2023-10-17,
737,108,933,2022-01-07,
738,1211,934,2023-07-17,15
739,386,936,2018-10-31,
740,1058,938,2023-12-17,
741,472,939,2018-11-09,
742,1109,940,2019-04-22,
743,558,941,2022-06-03,
744,648,942,2023-10-31,16
745,122,943,2023-09-24,
746,53,944,2023-03-10,14
747,934,946,2022-11-02,
748,1021,947,2021-05-15,
749,296,948,2023-04-26,
750,836,949,2022-05-23,
751,644,950,2023-09-08,
752,12,951,2023-05-13,14
753,90,952,2023-01-03,12
754,1420,953,2018-12-19,
755,1031,956,2022-04-30,
756,1125,957,2022-03-21,
757,447,960,2022-03-07,
758,1426,961,2022-10-08,
759,857,963,2023-06-29,15
760,485,964,2021-12-30,8
761,1371,965,2023-01-13,
762,1045,966,2018-10-24,
763,1207,967,2023-04-03,14
764,703,968,2023-07-19,
765,557,969,2019-11-06,
766,828,970,2023-03-25,14
767,454,971,2019-11-14,
768,360,972,2023-01-29,
769,257,973,2023-07-19,
770,601,975,2023-02-25,
771,327,976,2023-10-06,
772,1344,977,2022-02-01,9
773,1330,978,2023-04-08,
774,1305,980,2022-08-30,
775,1049,985,2023-03-09,14
776,1006,986,2021-03-25,
777,560,989,2020-04-18,2
778,188,991,2023-06-11,
779,563,992,2023-10-03,16
780,919,994,2020-04-22,
781,1048,995,2023-02-20,
782,1081,998,2023-03-02,
783,417,999,2018-11-02,
784,355,1000,2020-12-27,4
785,137,1001,2022-05-13,
786,393,1002,2022-04-09,
787,89,1003,2018-10-07,
788,445,1004,2018-08-07,
789,1076,1006,2020-01-11,
790,1370,1007,2019-03-27,
791,1409,1009,2023-10-29,
792,588,1010,2023-05-10,
793,1217,1011,2023-03-20,14
794,1169,1012,2022-08-18,11
795,1086,1013,2023-07-27,15
796,1369,1014,2023-12-26,
797,909,1015,2023-10-18,
798,524,1016,2023-05-05,14
799,999,1017,2023-05-12,14
800,290,1018,2023-09-07,16
801,1154,1019,2023-09-27,16
802,706,1020,2021-11-25,8
803,871,1021,2023-02-24,
804,135,1022,2020-03-16,2
805,840,1023,2020-01-08,
806,1273,1024,2020-11-07,4
807,1019,1025,2021-07-15,7
808,1330,1026,2023-07-03,
809,385,1027,2022-05-26,10
810,689,1029,2021-07-28,
811,54,1030,2020-06-10,3
812,991,1031,2023-11-24,16
813,421,1032,2020-05-23,
814,9,1033,2023-02-14,
815,469,1035,2021-03-05,
816,1254,1036,2023-12-28,
817,152,1038,2023-10-23,
818,500,1039,2022-12-20,12
819,187,1040,2023-04-12,
820,106,1041,2023-06-23,15
821,618,1042,2022-06-13,11
822,105,1044,2020-10-19,4
823,480,1045,2021-06-21,
824,486,1046,2023-05-16,14
825,143,1047,2023-11-26,
826,785,1048,2020-08-08,3
827,643,1049,2022-04-26,10
828,929,1051,2020-12-08,
829,1399,1052,2023-05-14,
830,957,1053,2021-12-01,
831,343,1055,2021-07-30,7
832,1233,1056,2022-05-28,10
833,914,1057,2022-06-08,
834,321,1058,2023-04-10,
835,102,1059,2023-09-05,
836,1320,1060,2023-08-23,15
837,342,1062,2022-10-11,
838,26,1063,2022-08-02,11
839,566,1064,2023-09-15,
840,1111,1065,2022-12-16,12
841,665,1066,2023-03-03,
842,748,1068,2023-11-27,16
843,497,1069,2022-11-05,12
844,339,1072,2022-11-23,
845,286,1073,2023-07-15,15
846,717,1074,2023-12-06,
847,120,1077,2022-06-08,11
848,147,1079,2021-05-20,6
849,1255,1080,2022-11-21,
850,1333,1081,2023-09-22,
851,826,1082,2022-01-22,
852,1050,1084,2023-02-07,
853,1046,1086,2019-11-18,
854,502,1089,2022-04-21,
855,79,1090,2023-03-25,
856,276,1091,2023-03-23,
857,44,1092,2023-08-17,
858,80,1093,2023-12-28,
859,784,1095,2023-05-04,
860,319,1098,2021-03-03,
861,522,1099,2022-02-05,9
862,718,1100,2021-02-25,
863,944,1101,2023-02-28,
864,1295,1103,2022-06-29,
865,73,1104,2023-07-08,
866,1210,1105,2022-12-14,
867,169,1106,2023-09-10,
868,104,1107,2023-01-25,
869,911,1108,2023-08-20,15
870,1325,1110,2023-08-28,15
871,41,1112,2020-09-02,3
872,752,1113,2022-07-26,11
873,830,1114,2021-12-05,8
874,1314,1115,2023-03-16,
875,1289,1117,2022-12-16,12
876,463,1118,2023-09-04,
877,597,1119,2023-11-20,
878,852,1122,2023-12-24,
879,356,1123,2023-10-29,16
880,266,1124,2023-11-08,16
881,1098,1125,2022-04-09,
882,47,1126,2023-06-14,
883,1318,1127,2021-07-15,
884,1390,1129,2020-04-26,
885,741,1131,2023-09-29,
886,722,1132,2022-08-29,
887,507,1133,2022-01-19,9
888,394,1134,2018-09-19,
889,1127,1135,2023-08-26,
890,1167,1136,2020-12-30,
891,27,1137,2021-05-15,6
892,571,1138,2020-09-23,
893,226,1139,2022-12-14,
894,452,1140,2023-08-18,
895,1309,1142,2023-06-12,15
896,544,1143,2023-01-27,
897,1153,1145,2021-11-21,8
898,141,1147,2021-05-17,
899,394,1148,2022-10-15,12
900,1029,1149,2021-07-16,7
901,1165,1151,2023-01-28,
902,583,1152,2022-10-18,
903,774,1154,2023-12-09,
904,1321,1155,2023-10-15,16
905,1032,1157,2023-06-03,
906,875,1158,2022-12-17,
907,878,1159,2020-03-18,
908,1213,1161,2023-03-18,14
909,14,1162,2023-10-06,
910,10,1163,2023-05-21,
911,761,1164,2021-02-03,5
912,937,1166,2022-08-16,11
913,289,1167,2022-10-03,
914,254,1168,2022-10-17,
915,645,1169,2023-11-20,
916,1037,1170,2023-01-29,
917,297,1172,2023-12-14,16
918,114,1173,2023-10-30,16
919,504,1174,2023-12-25,
920,778,1175,2023-01-12,
921,1136,1177,2022-01-13,9
922,877,1178,2019-10-17,
923,345,1179,2020-06-12,3
924,1001,1180,2023-10-24,
925,1290,1181,2021-03-23,
926,1278,1183,2022-05-11,
927,428,1187,2023-12-15,
928,245,1188,2023-08-17,
929,477,1191,2021-09-28,
930,269,1192,2023-12-15,
931,1319,1193,2022-01-09,
932,21,1197,2021-07-31,
933,117,1198,2020-05-27,2
934,398,1199,2023-03-21,
935,1180,1201,2020-11-21,
936,667,1202,2021-07-27,
937,323,1203,2023-07-22,
938,1121,1204,2022-05-17,10
939,933,1205,2021-08-14,7
940,258,1206,2020-11-01,
941,926,1207,2022-09-13,
942,504,1209,2022-05-02,
943,1185,1210,2022-08-07,11
944,368,1211,2022-08-06,
945,1043,1213,2023-11-30,16
946,942,1214,2022-09-22,
947,1375,1216,2022-11-13,12
948,1013,1218,2022-11-10,
949,501,1219,2019-05-14,
950,594,1220,2023-02-05,13
951,1067,1222,2023-11-08,
952,1398,1224,2022-03-01,9
953,928,1225,2023-09-23,
954,593,1226,2023-10-02,
955,361,1227,2022-04-25,
956,622,1228,2023-01-20,13
957,682,1229,2023-12-27,
958,1072,1230,2017-07-15,
959,411,1231,2023-11-26,16
960,206,1233,2022-10-23,12
961,806,1234,2018-09-25,
962,426,1235,2023-01-25,13
963,31,1236,2021-03-17,
964,763,1238,2023-10-08,
965,636,1239,2023-12-29,16
966,741,1241,2023-09-23,
967,218,1242,2023-02-02,
968,410,1243,2022-08-16,11
969,140,1244,2021-09-29,
970,221,1245,2022-07-26,11
971,623,1246,2023-05-16,
972,573,1247,2020-12-25,
973,591,1248,2023-12-14,16
974,202,1249,2023-03-21,
975,93,1250,2023-07-14,
976,299,1251,2023-06-27,
977,1064,1252,2023-09-23,
978,908,1253,2023-03-14,
979,278,1254,2023-03-19,
980,680,1255,2022-12-26,
981,691,1256,2023-12-02,16
982,318,1258,2023-10-03,
983,820,1259,2022-08-09,
984,77,1260,2020-09-11,
985,306,1261,2023-12-22,16
986,161,1262,2022-11-02,
987,347,1265,2023-11-04,
988,1397,1266,2023-10-15,
989,876,1267,2023-06-26,
990,301,1268,2023-12-21,16
991,1134,1269,2023-08-27,
992,382,1270,2020-08-02,
993,994,1271,2022-04-14,10
994,1378,1272,2023-01-29,13
995,1281,1273,2021-11-12,
996,1277,1275,2022-10-17,
997,97,1276,2021-05-24,
998,815,1277,2022-06-14,11
999,752,1278,2023-10-15,
1000,184,1279,2023-12-24,
1001,538,1280,2023-04-08,
1002,639,1281,2023-06-20,15
1003,92,1282,2021-03-19,
1004,745,1283,2023-11-12,
1005,1311,1285,2023-05-28,
1006,543,1287,2020-09-04,
1007,223,1288,2022-11-13,
1008,1070,1289,2020-08-13,3
1009,1339,1290,2022-12-16,12
1010,1000,1292,2020-01-18,
1011,441,1294,2023-07-20,15
1012,729,1295,2023-08-31,
1013,614,1296,2020-04-30,
1014,394,1297,2023-11-13,
1015,755,1298,2021-01-10,
1016,823,1299,2023-11-23,16
1017,1387,1300,2021-06-10,
1018,1062,1301,2022-02-03,9
1019,1141,1302,2023-08-03,15
1020,1052,1303,2019-07-25,
1021,616,1304,2020-07-03,
1022,280,1305,2023-06-18,15
1023,1270,1307,2022-05-19,
1024,1323,1308,2023-12-07,
1025,1175,1311,2023-09-23,
1026,1288,1312,2021-06-14,
1027,1181,1313,2022-11-29,12
1028,1265,1314,2023-11-25,
1029,1293,1317,2023-10-11,
1030,489,1318,2023-07-09,15
1031,1359,1319,2020-07-26,
1032,549,1320,2020-10-06,4
1033,585,1323,2022-08-08,11
1034,430,1325,2023-08-04,
1035,946,1327,2023-04-27,14
1036,8,1329,2023-08-07,
1037,566,1330,2022-03-31,
1038,1245,1331,2020-05-04,
1039,1429,1332,2018-07-03,
1040,852,1333,2023-01-16,
1041,935,1334,2021-03-08,6
1042,652,1335,2022-03-24,
1043,87,1336,2023-10-22,
1044,1115,1339,2023-09-17,
1045,311,1340,2020-12-27,4
1046,353,1341,2023-12-11,
1047,222,1344,2020-10-14,4
1048,948,1345,2023-06-19,
1049,910,1346,2022-10-25,
1050,1022,1347,2021-11-28,
1051,121,1348,2022-10-06,12
1052,173,1349,2021-12-26,8
1053,81,1350,2023-11-26,16
1054,631,1351,2021-07-04,
1055,1140,1352,2022-06-24,11
1056,946,1353,2020-12-05,
1057,336,1354,2022-01-19,
1058,790,1355,2023-05-05,
1059,89,1356,2021-08-10,
1060,1219,1357,2023-04-27,
1061,154,1358,2021-01-03,
1062,231,1359,2018-08-01,
1063,240,1360,2022-07-09,
1064,277,1361,2021-06-20,
1065,458,1362,2022-06-08,
1066,166,1363,2021-11-01,8
1067,491,1364,2022-03-21,
1068,1145,1366,2023-03-29,
1069,864,1367,2022-08-20,
1070,548,1369,2020-11-09,
1071,631,1370,2022-03-21,10
1072,309,1371,2020-02-29,
1073,762,1372,2023-12-06,16
1074,187,1373,2022-03-20,
1075,1182,1375,2023-12-19,
1076,234,1376,2022-04-15,
1077,206,1377,2023-11-20,
1078,882,1378,2022-09-07,
1079,197,1379,2023-05-28,
1080,492,1380,2023-09-24,
1081,506,1381,2023-12-31,
1082,56,1383,2023-04-23,
1083,611,1384,2021-05-11,
1084,1367,1385,2021-06-17,
1085,326,1386,2023-07-22,
1086,461,1387,2022-06-26,
1087,765,1388,2022-02-03,
1088,1148,1389,2019-10-04,
1089,1148,1390,2023-12-29,16
1090,805,1392,2023-02-13,
1091,964,1393,2023-06-20,
1092,313,1394,2023-02-25,
1093,1419,1397,2022-12-12,12
1094,1101,1399,2022-06-14,
1095,1164,1400,2023-04-13,
1096,965,1402,2023-04-18,14
1097,561,1403,2022-12-02,
1098,467,1404,2022-12-23,
1099,949,1405,2020-03-20,
1100,1214,1407,2022-10-01,
1101,916,1408,2020-05-01,
1102,58,1409,2019-12-21,
1103,204,1410,2021-09-30,8
1104,961,1411,2023-09-16,
1105,6,1413,2023-07-16,
1106,1034,1414,2021-11-10,
1107,701,1415,2023-08-19,
1108,63,1416,2023-05-03,14
1109,318,1417,2023-10-01,16
1110,482,1418,2023-11-26,16
1111,1056,1422,2022-05-17,
1112,586,1425,2022-06-20,11
1113,1354,1426,2022-11-10,
1114,439,1427,2023-09-20,16
1115,645,1428,2022-07-07,11
1116,474,1429,2023-04-29,
1117,236,1430,2023-07-30,
1118,219,1431,2021-04-10,6
1119,478,1432,2022-03-27,10
1120,1188,1433,2023-09-27,
1121,1249,1434,2022-12-08,12
1122,1095,1435,2023-07-03,15
1123,899,1436,2020-10-23,
1124,812,1437,2021-11-15,8
1125,468,1438,2022-05-24,10
1126,387,1439,2023-05-31,
1127,1235,1440,2023-12-05,
1128,874,1441,2022-12-13,
1129,379,1442,2023-04-13,
1130,980,1443,2023-11-30,
1131,1267,1444,2023-12-29,16
1132,495,1445,2023-11-07,
1133,76,1446,2023-08-07,
1134,537,1447,2023-04-01,
1135,1051,1448,2023-05-08,
1136,1099,1450,2023-11-22,16
1137,19,1451,2021-09-24,
1138,661,1452,2021-08-08,
1139,1374,1453,2023-08-20,
1140,22,1455,2021-12-22,8
1141,294,1456,2021-07-29,
1142,1033,1457,2022-04-20,
1143,1018,1459,2022-04-03,
1144,156,1460,2023-01-23,13
1145,2,1461,2021-12-26,
1146,671,1463,2023-11-12,16
1147,1331,1464,2023-06-15,
1148,843,1465,2023-12-31,16
1149,1227,1467,2023-04-11,
1150,464,1468,2023-10-17,16
1151,723,1469,2023-11-09,
1152,247,1470,2023-12-11,16
1153,660,1472,2023-10-24,
1154,862,1473,2022-02-19,9
1155,88,1477,2021-08-06,
1156,526,1479,2023-12-23,16
1157,123,1482,2021-06-29,
1158,769,1483,2023-04-09,
1159,885,1484,2023-02-17,
1160,783,1485,2022-09-04,11
1161,475,1486,2018-05-20,
1162,515,1488,2023-03-09,
1163,250,1491,2018-03-16,
1164,1275,1492,2023-05-29,
1165,1222,1493,2019-09-01,
1166,1376,1497,2021-12-18,
1167,1126,1499,2023-09-23,
1168,84,1500,2018-09-06,
1169,819,1501,2023-04-12,14
1170,744,1503,2022-12-30,12
1171,225,1504,2020-02-19,1
1172,1172,1506,2022-07-11,
1173,766,1507,2023-05-28,14
1174,150,1508,2023-01-02,
1175,1381,1509,2018-12-02,
1176,567,1510,2021-09-16,8
1177,640,1511,2023-09-05,16
1178,988,1512,2021-02-12,
1179,1090,1513,2023-04-29,14
1180,1220,1514,2022-06-24,
1181,363,1515,2021-08-22,
1182,376,1516,2023-12-17,
1183,1343,1518,2022-02-17,9
1184,749,1519,2019-12-09,
1185,746,1520,2021-07-20,
1186,587,1521,2023-10-13,16
1187,1230,1522,2022-06-17,
1188,1441,1523,2022-11-11,
1189,50,1525,2019-12-18,
1190,1171,1526,2023-11-28,16
1191,1353,1527,2020-10-16,
1192,1091,1528,2023-11-16,
1193,273,1529,2023-02-06,
1194,673,1530,2023-06-28,
1195,260,1531,2021-12-14,8
1196,1038,1532,2023-03-19,14
1197,720,1533,2022-11-27,12
1198,1246,1534,2020-06-15,
1199,1287,1535,2020-10-07,4
1200,1251,1537,2023-08-14,
1201,217,1539,2022-06-23,
1202,279,1541,2022-07-15,
1203,171,1542,2022-08-02,
1204,1365,1543,2023-12-31,
1205,1102,1546,2023-05-09,14
1206,891,1548,2023-01-01,12
1207,913,1549,2023-11-21,16
1208,159,1550,2023-09-06,
1209,1010,1554,2023-10-28,16
1210,677,1555,2021-12-12,
1211,1159,1556,2022-02-27,
1212,496,1557,2023-02-12,13
1213,1348,1558,2022-07-03,
1214,158,1559,2022-04-11,
1215,510,1560,2023-09-18,
1216,337,1562,2023-08-03,
1217,542,1563,2023-12-10,
1218,111,1565,2023-05-18,
1219,229,1566,2020-12-09,
1220,1292,1567,2023-07-18,
1221,1263,1568,2022-04-07,
1222,473,1569,2021-03-15,6
1223,804,1570,2023-08-20,
1224,401,1571,2021-12-23,
1225,281,1574,2023-07-26,
1226,176,1576,2023-01-10,13
1227,768,1577,2019-09-16,
1228,274,1578,2023-08-09,
1229,554,1579,2023-10-09,16
1230,613,1580,2023-10-16,
1231,856,1581,2023-11-24,
1232,1094,1582,2020-10-16,4
1233,1257,1583,2023-09-15,
1234,1297,1585,2023-02-27,13
1235,1118,1586,2023-12-30,
1236,1404,1587,2022-11-25,12
1237,341,1588,2022-05-24,10
1238,952,1589,2018-11-26,
1239,516,1591,2021-08-05,
1240,504,1592,2020-09-04,
1241,662,1593,2023-11-07,
1242,1328,1594,2023-12-26,
1243,1396,1597,2022-12-22,
1244,1098,1598,2022-12-03,12
1245,740,1600,2022-12-24,12
1246,1269,1603,2019-07-21,
1247,1183,1604,2023-11-21,16
1248,1110,1605,2023-09-02,15
1249,556,1606,2020-01-02,
1250,791,1607,2021-11-25,
1251,1173,1608,2021-10-23,8
1252,437,1610,2020-12-21,
1253,369,1611,2021-03-17,
1254,565,1613,2023-11-16,
1255,866,1614,2023-05-08,
1256,869,1615,2023-10-13,
1257,858,1616,2020-07-03,
1258,529,1617,2021-02-06,
1259,61,1618,2020-09-07,4
1260,1240,1619,2023-08-17,
1261,562,1622,2023-09-12,
1262,470,1623,2021-05-18,
1263,974,1624,2019-12-02,
1264,940,1625,2023-12-13,
1265,954,1626,2023-07-15,15
1266,377,1628,2023-02-19,13
1267,1158,1629,2023-05-27,14
1268,1063,1631,2023-10-28,
1269,996,1632,2019-07-13,
1270,1008,1633,2022-12-21,12
1271,747,1634,2022-11-25,
1272,268,1635,2022-03-07,10
1273,737,1636,2022-02-15,
1274,242,1637,2023-03-21,14
1275,129,1640,2021-01-05,
1276,358,1641,2023-12-31,
1277,612,1642,2022-03-06,10
1278,1147,1643,2018-12-23,
1279,187,1644,2022-03-13,
1280,854,1645,2022-06-20,
1281,460,1647,2020-08-22,
1282,653,1648,2021-10-06,8
1283,1107,1649,2023-07-19,
1284,900,1650,2023-11-10,16
1285,153,1652,2018-11-23,
1286,1194,1654,2021-07-01,
1287,693,1655,2023-07-04,
1288,859,1656,2022-11-20,
1289,205,1657,2023-11-20,
1290,483,1660,2023-06-10,
1291,330,1662,2022-12-20,
1292,305,1664,2023-01-05,
1293,892,1666,2023-07-12,15
1294,1187,1667,2023-06-13,15
1295,33,1668,2023-10-09,16
1296,163,1669,2023-08-07,15
1297,479,1670,2023-01-19,13
1298,375,1671,2023-04-01,
1299,714,1672,2020-08-23,
1300,920,1673,2023-09-12,
1301,724,1674,2022-07-21,
1302,771,1676,2023-01-29,13
1303,262,1677,2023-11-28,
1304,880,1678,2023-09-03,
1305,621,1679,2021-11-16,8
1306,1236,1680,2022-04-20,10
1307,1439,1681,2023-11-26,
1308,837,1682,2023-07-01,
1309,923,1683,2023-11-27,
1310,341,1684,2023-10-03,16
1311,570,1686,2021-10-10,
1312,435,1687,2023-01-22,13
1313,1401,1689,2022-01-14,
1314,232,1690,2020-12-31,
1315,1030,1691,2023-11-21,
1316,35,1693,2022-12-12,
1317,798,1694,2023-02-15,
1318,809,1695,2023-08-07,15
1319,1440,1696,2023-10-07,16
1320,1,1697,2022-11-21,12
1321,1152,1698,2023-08-20,
1322,499,1699,2021-02-20,5
1323,153,1700,2020-11-18,4
1324,1166,1701,2022-10-09,
1325,739,1702,2023-06-24,15
1326,1380,1703,2021-10-14,8
1327,581,1704,2021-06-19,
1328,429,1705,2023-10-01,16
1329,46,1706,2021-10-09,
1330,1011,1707,2023-11-25,
1331,117,1709,2023-08-12,
1332,419,1710,2020-11-22,4
1333,732,1711,2021-09-25,
1334,517,1712,2020-08-13,
1335,179,1713,2021-07-28,
1336,1294,1715,2023-10-01,
1337,180,1716,2022-04-11,
1338,59,1718,2023-03-20,
1339,931,1719,2022-04-02,
1340,138,1720,2021-10-27,8
1341,711,1721,2023-06-25,
1342,1093,1722,2018-12-14,
1343,1157,1723,2023-11-12,
1344,849,1725,2023-10-10,16
1345,1028,1726,2019-12-11,
1346,116,1727,2022-03-12,10
1347,1298,1730,2022-11-30,
1348,362,1732,2023-12-09,16
1349,440,1734,2022-05-12,
1350,978,1735,2019-08-21,
1351,1203,1736,2020-10-09,4
1352,1100,1737,2022-03-06,10
1353,569,1740,2023-06-20,
1354,846,1742,2023-10-24,
1355,712,1743,2020-05-28,2
1356,181,1744,2023-10-24,16
1357,146,1745,2023-02-02,13
1358,657,1746,2022-07-21,11
1359,498,1747,2023-10-24,16
1360,328,1748,2022-06-21,
1361,1262,1749,2023-04-11,14
1362,1215,1750,2023-02-21,13
1363,627,1751,2023-12-24,
1364,758,1752,2023-09-26,
1365,797,1753,2023-09-02,15
1366,27,1754,2022-03-30,
1367,265,1755,2023-01-16,
1368,607,1756,2021-12-12,8
1369,1143,1758,2022-09-05,
1370,1003,1759,2019-11-14,
1371,1327,1760,2022-12-28,
1372,1389,1761,2021-12-06,
1373,425,1762,2021-03-09,6
1374,128,1763,2021-07-20,7
1375,346,1766,2023-08-10,15
1376,1283,1767,2023-10-25,
1377,1307,1768,2022-04-29,
1378,1336,1769,2023-07-10,
1379,374,1770,2023-11-06,
1380,1150,1771,2022-03-09,
1381,509,1772,2023-05-15,
1382,1248,1773,2023-06-06,
1383,1415,1774,2023-11-05,
1384,656,1775,2022-11-03,
1385,134,1776,2023-12-02,
1386,1074,1777,2021-04-08,
1387,873,1778,2019-09-04,
1388,30,1779,2021-06-07,
1389,351,1780,2023-06-16,15
1390,649,1781,2023-02-11,
1391,132,1783,2023-12-31,
1392,186,1784,2023-04-24,14
1393,302,1785,2023-03-02,13
1394,953,1786,2023-03-24,
1395,1041,1788,2022-02-17,
1396,1071,1789,2023-05-01,
1397,605,1790,2023-04-24,
1398,963,1791,2020-12-24,
1399,392,1792,2019-12-15,
1400,1253,1793,2021-01-07,5
1401,239,1794,2022-12-07,12
1402,535,1796,2022-12-31,
1403,224,1797,2021-08-15,7
1404,921,1798,2018-11-01,
1405,1170,1799,2022-07-18,
1406,15,1801,2022-02-23,9
1407,37,1802,2022-08-24,11
1408,1349,1803,2022-08-31,11
1409,1416,1804,2021-08-26,7
1410,1205,1805,2023-11-13,
1411,568,1809,2023-12-25,16
1412,523,1810,2023-10-08,
1413,287,1811,2023-12-02,
1414,1069,1812,2023-05-08,14
1415,1316,1813,2023-12-23,
1416,1339,1814,2023-12-15,
1417,344,1816,2022-06-02,10
1418,227,1817,2023-04-27,
1419,264,1818,2020-03-20,2
1420,226,1821,2023-11-20,
1421,1116,1822,2022-08-08,
1422,251,1823,2019-11-18,
1423,243,1824,2023-12-01,
1424,886,1825,2022-03-16,
1425,709,1826,2021-09-25,8
1426,124,1827,2023-11-18,16
1427,8,1828,2022-11-13,
1428,637,1829,2023-06-06,
1429,610,1830,2023-11-09,16
1430,631,1831,2019-09-02,
1431,344,1832,2023-02-01,
1432,207,1833,2022-04-30,
1433,1040,1837,2022-06-14,
1434,521,1838,2022-10-20,12
1435,348,1839,2020-11-14,
1436,247,1840,2022-02-23,
1437,1065,1841,2022-10-09,
1438,1129,1842,2022-11-06,
1439,917,1843,2020-12-30,4
1440,424,1844,2023-04-12,
1441,733,1845,2022-04-28,10
1442,895,1846,2023-10-08,16
1443,1151,1847,2023-10-11,16
1444,754,1848,2020-04-29,
1445,624,1849,2023-06-07,15
1446,779,1850,2021-06-09,7
1447,98,1851,2022-03-29,10
1448,695,1854,2020-06-26,
1449,702,1857,2020-12-23,
1450,220,1858,2023-06-23,
1451,1112,1859,2023-10-06,
1452,1338,1860,2021-05-03,
1453,810,1861,2021-05-27,
1454,924,1862,2019-09-05,
1455,719,1863,2019-08-16,
1456,620,1864,2023-06-13,
1457,1138,1865,2022-04-06,10
1458,38,1868,2023-06-07,
1459,316,1869,2022-10-03,
1460,1165,1870,2023-06-22,15
1461,541,1871,2023-04-05,
1462,901,1874,2022-10-22,
1463,512,1875,2023-05-19,14
1464,1042,1876,2020-08-07,3
1465,403,1877,2023-02-27,
1466,609,1878,2023-11-06,
1467,432,1879,2022-04-02,
1468,1402,1880,2022-09-03,
1469,247,1883,2018-10-06,
1470,545,1884,2023-08-16,15
1471,1009,1885,2022-05-29,10
1472,1133,1886,2023-11-02,16
1473,1218,1887,2023-04-12,
1474,575,1888,2023-08-14,
1475,160,1890,2020-05-13,
1476,990,1891,2023-11-02,16
1477,478,1892,2021-06-26,
1478,1412,1893,2023-10-26,16
1479,514,1894,2020-12-28,4
1480,271,1895,2023-12-11,
1481,1238,1896,2022-10-30,
1482,396,1898,2020-09-16,
1483,65,1899,2021-12-14,
1484,414,1901,2023-09-24,
1485,1423,1902,2022-11-23,12
1486,310,1904,2023-06-18,15
1487,308,1905,2023-11-16,
1488,1198,1906,2023-07-02,15
1489,1259,1907,2023-03-15,14
1490,1315,1908,2022-03-11,10
1491,160,1909,2022-10-13,12
1492,767,1910,2023-12-08,16
1493,884,1912,2022-07-17,
1494,619,1914,2020-11-08,4
1495,1322,1915,2023-09-10,
1496,576,1916,2023-07-05,
1497,194,1917,2022-02-17,9
1498,608,1918,2019-08-23,
1499,295,1919,2023-08-21,
1500,444,1920,2023-05-27,
1501,1103,1921,2019-10-21,
1502,442,1922,2020-06-05,
1503,700,1923,2021-08-29,
1504,932,1924,2021-09-09,
1505,18,1925,2023-12-08,
1506,1441,1926,2022-10-18,
1507,666,1929,2023-06-23,15
1508,172,1930,2023-12-23,16
1509,443,1932,2022-09-02,11
1510,511,1934,2021-12-05,8
1511,1276,1935,2023-05-05,14
1512,123,1936,2021-10-27,
1513,982,1937,2022-07-30,11
1514,1184,1938,2021-03-27,
1515,1076,1939,2020-06-12,
1516,167,1941,2022-01-16,
1517,110,1942,2020-12-23,
1518,1351,1943,2023-10-09,
1519,1429,1944,2021-12-09,
1520,1363,1945,2020-03-10,2
1521,674,1946,2023-12-28,16
1522,1131,1947,2023-11-22,
1523,993,1948,2023-06-20,15
1524,69,1949,2023-12-19,
1525,1189,1951,2020-11-30,
1526,407,1954,2023-03-29,
1527,1291,1955,2023-04-06,14
1528,731,1956,2019-03-11,
1529,1132,1957,2021-11-02,8
1530,900,1958,2023-08-05,15
1531,252,1959,2023-03-16,14
1532,1162,1960,2021-06-13,
1533,773,1961,2021-01-21,
1534,567,1962,2019-01-11,
1535,799,1963,2021-09-18,8
1536,888,1964,2023-03-18,14
1537,74,1965,2021-04-16,
1538,845,1967,2023-08-18,
1539,1264,1968,2022-03-03,
1540,96,1969,2023-01-29,
1541,1391,1970,2023-10-28,
1542,1195,1971,2023-04-29,
1543,967,1972,2022-10-10,12
1544,1393,1974,2023-12-02,
1545,1358,1975,2023-04-13,
1546,750,1976,2020-07-08,
1547,185,1978,2023-01-14,13
1548,453,1980,2022-05-18,10
1549,409,1982,2020-05-10,
1550,372,1984,2023-12-12,16
1551,572,1988,2020-08-25,
1552,894,1989,2023-12-18,16
1553,1116,1990,2023-03-21,
1554,947,1991,2023-09-20,
1555,908,1992,2023-10-29,
1556,1088,1993,2023-01-28,
1557,759,1994,2023-08-13,15
1558,706,1995,2023-09-27,16
1559,1303,1996,2021-09-03,
1560,1261,1998,2023-09-12,
1561,1364,1999,2021-07-01,7
1562,164,2000,2022-12-24,
