feedback_id,customer_id,feedback_date,overall_rating,adoption_process_rating,pet_condition_rating,staff_interaction_rating,"post_adoption_support_rating	",follow_up_required
1,589,2021-11-14,5,5,4,5,4,No
2,539,2021-10-10,4,4,5,4,2,No
3,1392,2021-05-07,3,1,4,4,1,No
4,927,2023-11-24,4,3,5,3,2,No
5,354,2020-03-27,4,3,3,5,2,No
6,322,2022-07-01,3,3,3,2,3,No
7,1241,2021-03-01,3,2,5,3,2,No
8,650,2023-09-01,3,3,4,3,2,No
9,1190,2022-12-06,3,3,1,4,3,No
10,676,2019-06-26,3,2,4,4,2,No
11,54,2023-02-14,3,3,4,2,1,No
12,86,2022-07-22,3,1,5,3,3,No
13,1317,2023-06-17,3,3,3,3,2,No
14,813,2023-11-17,4,5,4,3,2,No
15,768,2023-09-29,3,2,5,3,1,No
16,580,2022-06-14,4,4,4,3,2,No
17,1097,2020-01-03,3,3,4,3,2,No
18,1427,2023-09-15,3,2,4,3,3,No
19,64,2023-09-03,4,4,5,3,3,Yes
20,1139,2022-05-11,4,5,4,2,2,No
21,800,2023-05-24,4,5,4,3,4,No
22,519,2021-11-30,4,3,5,5,1,No
23,734,2024-01-09,3,4,3,3,2,Yes
24,192,2021-08-19,4,3,5,5,2,Yes
25,125,2023-03-12,4,3,4,3,3,No
26,603,2022-12-14,3,3,4,2,1,No
27,615,2022-05-30,3,4,4,2,2,Yes
28,1242,2022-09-14,4,3,5,4,1,No
29,983,2022-04-09,3,2,5,4,1,No
30,1200,2022-08-10,4,2,5,3,4,No
31,789,2023-09-17,4,3,3,5,3,No
32,433,2020-03-19,4,2,5,4,3,No
33,960,2022-06-25,4,3,4,3,4,No
34,1089,2023-11-18,4,3,5,3,2,No
35,860,2024-01-12,4,4,5,3,2,Yes
36,303,2023-01-02,3,2,4,4,1,Yes
37,650,2022-06-30,4,3,3,4,3,Yes
38,3,2022-04-05,3,1,3,5,2,Yes
39,788,2021-11-14,5,5,4,4,4,No
40,1149,2022-02-17,3,1,5,2,1,No
41,284,2023-04-21,4,2,5,4,2,No
42,1301,2023-03-11,3,3,4,3,2,No
43,456,2023-03-26,3,1,3,3,3,Yes
44,20,2021-03-03,4,3,5,3,4,Yes
45,1035,2022-12-17,4,3,5,4,2,No
46,1350,2023-09-11,4,4,3,5,2,No
47,389,2022-06-09,4,3,4,3,3,No
48,1135,2023-07-17,3,4,3,4,1,No
49,449,2023-10-10,3,3,4,3,2,No
50,285,2021-01-31,3,3,4,3,2,No
51,598,2023-06-13,4,4,4,4,3,No
52,71,2023-05-23,4,3,4,4,3,Yes
53,632,2021-05-16,3,3,3,4,1,No
54,1407,2023-12-17,4,4,5,4,3,No
55,704,2019-11-28,3,3,1,4,3,No
56,54,2023-08-23,4,3,4,4,2,No
57,1120,2022-08-16,4,4,4,4,3,No
58,13,2019-11-19,3,1,4,2,3,No
59,144,2021-04-30,3,3,3,3,2,No
60,7,2023-05-08,3,2,5,4,1,Yes
61,1024,2020-09-03,3,2,3,4,1,No
62,1130,2020-10-27,3,4,4,3,1,No
63,1106,2023-08-15,4,3,4,4,2,No
64,248,2023-11-17,4,4,3,5,2,No
65,738,2023-09-01,3,3,5,2,2,No
66,1085,2023-01-09,3,2,4,2,1,No
67,1432,2023-08-01,4,3,3,4,5,No
68,51,2023-05-26,4,3,4,4,3,Yes
69,70,2023-11-25,4,4,5,2,2,Yes
70,635,2022-03-21,4,4,5,2,3,No
71,373,2023-10-26,3,3,4,2,3,No
72,863,2023-03-07,4,3,3,5,3,No
73,532,2022-10-22,3,2,4,2,1,No
74,690,2020-02-04,4,4,5,3,1,No
75,43,2021-02-03,3,3,4,3,2,No
76,1329,2023-05-03,4,4,3,4,2,No
77,1163,2023-10-21,4,3,4,4,2,No
78,462,2023-04-04,3,4,3,3,2,No
79,864,2022-07-05,3,3,3,4,2,Yes
80,969,2022-04-08,4,3,5,5,3,Yes
81,818,2020-12-18,3,3,5,3,1,No
82,705,2022-02-02,3,3,3,3,1,No
83,606,2021-10-15,4,4,4,1,4,No
84,1224,2023-08-21,3,3,4,2,2,Yes
85,1092,2021-05-06,4,3,5,4,3,No
86,367,2023-04-21,4,3,4,4,3,No
87,1228,2023-08-20,3,2,1,3,3,Yes
88,357,2022-11-27,3,4,3,3,1,No
89,95,2022-06-07,4,3,3,4,4,No
90,1402,2023-11-18,3,3,3,2,1,Yes
91,1232,2022-01-24,4,4,3,4,2,No
92,408,2020-12-20,4,2,5,3,3,Yes
93,210,2023-12-09,3,3,3,4,2,No
94,956,2023-06-12,4,2,5,5,3,No
95,590,2022-06-11,3,3,4,3,1,No
96,527,2022-06-05,3,3,3,4,2,No
97,940,2023-12-18,4,4,4,2,5,No
98,263,2022-08-19,5,4,5,4,4,Yes
99,777,2023-12-16,5,5,4,5,3,No
100,388,2023-01-16,4,3,5,4,1,No
101,18,2020-12-30,4,3,4,5,2,No
102,183,2021-02-16,3,3,4,3,2,No
103,574,2023-10-28,4,3,5,4,1,No
104,984,2023-02-06,4,4,5,3,2,No
105,578,2023-05-23,4,3,4,4,4,No
106,1180,2020-01-10,4,4,3,4,4,No
107,189,2021-12-06,4,2,4,3,4,No
108,1326,2020-07-22,3,2,5,4,1,No
109,391,2023-12-31,4,3,3,4,3,No
110,1347,2019-11-30,4,4,5,4,2,No
111,209,2023-09-02,2,2,2,2,1,Yes
112,1191,2023-05-11,3,3,3,3,1,Yes
113,966,2023-06-12,4,2,5,5,1,Yes
114,471,2023-03-27,3,4,4,2,2,No
115,559,2023-11-13,3,2,4,3,2,No
116,1047,2023-06-24,4,5,2,4,3,No
117,195,2023-05-29,3,3,5,3,1,No
118,534,2023-12-03,4,5,3,4,3,No
119,371,2023-02-27,3,3,3,4,2,No
120,1438,2020-03-11,4,4,5,5,1,No
121,333,2022-07-16,3,2,2,3,3,No
122,854,2022-10-26,2,2,1,1,1,Yes
123,1418,2020-11-28,4,3,3,5,2,No
124,1377,2021-07-11,4,2,5,3,3,Yes
125,133,2023-01-23,4,4,5,4,3,No
126,958,2022-12-05,3,1,3,2,3,No
127,707,2022-10-21,3,2,3,5,2,No
128,1300,2022-04-13,4,4,3,4,3,No
129,216,2021-05-03,4,3,5,2,3,No
130,1096,2018-11-14,4,2,5,4,2,Yes
131,617,2023-06-04,4,3,4,4,2,Yes
132,839,2023-08-26,4,4,3,3,5,No
133,941,2021-09-26,3,4,1,3,3,No
134,540,2019-06-01,3,2,4,4,2,No
135,344,2022-01-19,5,5,4,5,3,No
136,699,2023-09-15,3,2,4,4,2,No
137,725,2022-09-16,3,1,3,4,3,No
138,137,2024-01-09,4,4,3,3,4,No
139,415,2023-08-17,4,4,4,3,3,No
140,399,2022-10-19,3,4,2,2,3,No
141,265,2022-01-17,3,2,5,1,2,No
142,1142,2021-06-14,4,3,4,4,2,No
143,288,2023-10-02,4,3,3,4,4,No
144,808,2023-03-19,4,4,5,2,2,No
145,1432,2023-09-21,4,3,4,4,3,No
146,766,2022-10-02,4,3,4,5,4,Yes
147,241,2021-03-02,4,2,5,4,3,No
148,1124,2023-10-10,3,2,3,4,2,Yes
149,796,2023-11-15,4,3,5,4,3,Yes
150,1026,2023-04-25,3,2,4,4,2,No
151,729,2023-08-27,4,4,4,4,3,No
152,350,2023-10-25,5,5,5,4,4,No
153,1332,2022-01-27,3,3,1,4,3,Yes
154,420,2021-09-14,4,3,5,4,2,Yes
155,338,2023-06-04,4,4,5,4,2,No
156,811,2022-11-12,4,3,5,4,2,No
157,630,2019-05-20,4,3,4,4,2,No
158,1441,2023-01-01,4,3,5,4,3,No
159,1342,2022-07-29,3,4,5,1,2,No
160,1017,2021-01-22,4,2,4,5,3,No
161,698,2022-10-20,4,3,5,2,3,Yes
162,246,2022-12-20,5,4,4,5,4,No
163,1016,2020-07-29,3,4,3,2,1,No
164,63,2021-01-27,3,1,4,4,3,No
165,212,2023-07-14,4,4,4,4,1,No
166,900,2023-10-18,4,3,4,3,3,Yes
167,384,2021-09-05,3,2,3,3,2,Yes
168,669,2022-12-24,3,3,4,2,3,No
169,968,2022-03-31,3,2,5,3,1,No
170,461,2022-10-24,4,3,5,5,1,No
171,817,2020-05-29,3,2,5,2,2,No
172,955,2021-12-27,4,3,4,4,4,Yes
173,155,2023-11-05,4,4,4,4,3,No
174,1114,2020-08-26,3,3,2,3,2,No
175,579,2019-12-10,3,3,5,3,1,No
176,759,2022-10-14,5,4,5,4,4,No
177,780,2023-04-16,3,2,4,3,1,No
178,370,2021-11-15,3,3,3,4,1,Yes
179,679,2022-06-11,4,3,5,3,3,No
180,57,2021-12-01,3,3,3,2,1,Yes
181,41,2023-10-21,4,4,5,4,3,Yes
182,83,2023-10-31,4,4,4,2,5,No
183,925,2023-10-18,3,3,3,5,1,No
184,1279,2023-07-27,3,3,3,3,3,Yes
185,200,2024-01-05,4,2,5,5,3,Yes
186,1023,2022-07-19,4,2,5,4,3,No
187,992,2020-10-01,4,4,5,4,1,No
188,983,2022-08-09,3,3,4,4,1,No
189,32,2021-06-02,3,4,4,3,1,No
190,157,2023-12-08,3,2,3,4,3,No
191,781,2021-10-21,3,3,4,2,1,No
192,814,2024-01-15,4,3,5,3,3,No
193,329,2019-01-15,4,3,3,4,3,No
194,17,2022-10-23,4,3,4,5,4,No
195,605,2023-09-30,4,3,4,5,3,No
196,228,2023-06-01,4,3,4,4,2,Yes
197,794,2023-11-12,4,2,4,4,3,No
198,364,2023-11-04,4,4,4,4,3,No
199,196,2022-10-14,4,4,5,3,2,No
200,577,2021-10-02,3,3,2,3,1,No
201,638,2023-03-24,4,2,5,4,2,No
202,235,2023-08-23,3,1,4,4,2,No
203,1053,2021-07-22,4,4,5,2,2,No
204,865,2022-01-28,3,2,4,3,2,No
205,82,2022-12-08,3,2,4,4,2,No
206,165,2023-10-14,3,3,4,4,1,No
207,1177,2023-10-28,4,3,5,5,1,No
208,352,2021-12-06,5,5,4,5,5,No
209,883,2023-11-19,4,3,5,4,2,Yes
210,1208,2023-03-31,4,5,4,4,3,No
211,191,2020-05-07,3,2,3,5,2,No
212,1428,2020-01-10,4,4,4,3,3,No
213,1266,2023-12-31,5,5,5,4,3,No
214,494,2022-06-17,3,3,4,2,3,No
215,670,2023-05-21,4,4,4,3,2,No
216,1178,2023-08-29,4,4,4,4,3,No
217,971,2020-11-17,4,2,5,3,3,No
218,787,2022-09-12,3,2,3,2,3,No
219,1433,2023-06-29,4,4,4,3,2,No
220,658,2022-09-14,4,4,4,3,2,No
221,646,2023-02-06,3,3,4,3,1,No
222,902,2022-08-25,4,2,3,4,4,No
223,596,2021-05-11,3,3,5,3,1,Yes
224,285,2022-07-15,3,3,4,2,2,No
225,72,2023-05-18,4,5,4,4,3,No
226,272,2023-12-15,4,4,5,3,2,Yes
227,776,2023-06-01,3,2,5,4,1,No
228,1337,2022-05-24,3,3,3,3,2,No
229,106,2022-03-29,4,2,4,5,3,No
230,139,2023-02-16,4,3,4,4,3,Yes
231,1383,2023-11-26,3,3,3,4,1,No
232,887,2022-02-08,3,3,4,1,3,No
233,793,2023-10-14,4,3,5,3,2,No
234,75,2022-06-04,4,4,3,4,2,No
235,1306,2023-05-28,4,2,5,5,2,No
236,600,2021-08-03,3,3,3,3,3,No
237,397,2022-01-14,3,3,3,3,2,No
238,643,2022-12-18,3,3,3,3,2,No
239,126,2018-03-17,3,2,4,3,2,No
240,85,2023-02-13,3,1,5,3,2,No
241,130,2019-10-07,4,2,3,4,5,No
242,879,2022-11-03,3,3,3,5,1,No
243,1302,2021-01-29,4,3,4,3,4,No
244,870,2023-07-15,3,2,3,2,2,No
245,930,2019-12-24,3,2,4,4,1,No
246,643,2020-07-20,3,3,4,4,1,No
247,850,2022-01-30,4,3,4,3,4,No
248,518,2023-05-10,4,5,4,3,1,No
249,664,2023-04-22,4,2,5,5,1,No
250,237,2022-12-20,4,5,4,4,3,No
251,40,2022-10-03,4,3,5,4,2,No
252,127,2022-01-29,3,3,4,3,1,No
253,586,2021-04-25,3,3,5,2,1,No
254,1196,2023-05-10,4,3,4,5,1,No
255,676,2022-07-07,4,4,5,3,2,No
256,528,2018-01-19,2,2,1,2,3,Yes
257,861,2023-10-03,3,3,4,2,3,No
258,29,2022-11-22,4,2,4,4,4,No
259,1128,2019-02-01,4,3,4,4,3,No
260,675,2023-01-29,4,5,4,3,2,No
261,233,2023-08-25,3,2,3,5,1,No
262,28,2023-07-15,3,5,4,2,1,Yes
263,1388,2024-01-10,4,3,5,5,3,No
264,1284,2022-11-30,4,4,5,4,2,No
265,650,2022-03-08,4,2,4,4,3,No
266,838,2020-05-18,4,5,4,4,1,No
267,405,2023-04-26,3,1,4,4,1,No
268,25,2022-04-22,4,3,5,5,2,No
269,903,2022-07-26,2,3,2,1,2,Yes
270,312,2020-06-25,4,3,3,4,3,No
271,101,2022-01-31,3,2,4,4,2,No
272,148,2022-07-15,3,2,3,2,2,Yes
273,1079,2021-11-24,4,3,5,3,3,No
274,678,2021-04-29,5,4,5,5,3,Yes
275,715,2021-12-18,4,4,4,3,3,No
276,1340,2022-04-08,4,3,5,3,2,No
277,878,2022-02-11,5,5,3,5,4,No
278,1229,2018-10-23,4,3,5,3,4,No
279,1400,2020-09-19,5,4,5,5,4,No
280,1176,2020-01-11,3,2,5,2,1,No
281,1421,2022-08-23,4,4,5,4,3,Yes
282,109,2023-02-26,4,4,5,3,3,Yes
283,1362,2024-01-10,4,2,4,3,4,No
284,1408,2024-01-07,4,1,5,5,2,No
285,530,2021-04-15,3,3,5,2,2,No
286,912,2023-09-23,3,2,3,4,3,No
287,170,2023-10-01,4,4,5,5,2,No
288,107,2023-12-26,3,3,4,2,1,No
289,1422,2023-06-01,3,3,4,3,1,No
290,918,2023-02-11,4,5,1,4,4,No
291,62,2022-06-30,4,4,4,2,3,Yes
292,508,2024-01-21,3,2,2,5,3,No
293,945,2023-02-15,3,4,4,2,2,Yes
294,14,2019-11-24,3,3,3,5,1,No
295,1122,2023-07-19,4,5,4,5,1,No
296,1179,2021-09-17,3,3,3,4,1,No
297,1414,2023-12-12,4,4,1,5,3,No
298,1202,2022-12-29,4,2,4,5,3,Yes
299,1368,2022-06-14,3,4,2,3,3,No
300,1186,2023-11-07,3,3,3,3,2,No
301,710,2021-12-03,4,2,5,4,3,No
302,829,2023-11-15,3,4,4,1,2,Yes
303,915,2023-10-27,4,4,5,4,1,No
304,5,2023-06-18,4,3,5,4,4,No
305,697,2021-09-03,4,4,5,4,2,No
306,816,2021-12-04,3,4,4,2,1,No
307,986,2023-10-02,2,1,3,3,1,Yes
308,256,2023-12-18,4,3,5,4,2,No
309,16,2020-05-05,4,2,5,3,3,No
310,503,2022-10-21,4,4,4,3,3,No
311,831,2023-07-07,3,2,3,2,2,No
312,1360,2023-05-21,4,3,4,5,2,Yes
313,240,2023-12-21,3,3,3,3,1,No
314,827,2023-02-16,3,2,4,4,2,No
315,1212,2021-03-24,3,2,5,3,2,No
316,1411,2022-02-21,3,2,3,3,2,No
317,1155,2023-02-14,3,2,5,3,1,No
318,270,2023-10-24,3,3,3,1,2,No
319,437,2022-03-11,4,3,3,4,3,No
320,39,2022-02-27,3,2,3,5,1,No
321,1346,2020-01-18,4,3,4,4,4,Yes
322,11,2023-09-16,3,3,5,2,2,No
323,450,2021-04-08,3,3,5,3,1,No
324,536,2023-11-03,3,5,4,1,2,No
325,821,2022-06-19,4,3,5,4,3,No
326,1256,2021-04-23,4,3,4,4,2,No
327,1239,2020-04-15,3,4,4,3,1,Yes
328,564,2020-11-22,4,3,4,3,3,No
329,1083,2021-11-14,4,3,4,4,3,No
330,663,2021-11-21,3,2,4,5,1,No
331,551,2022-11-23,4,5,4,5,1,No
332,18,2023-06-26,3,3,3,3,2,No
333,1274,2022-05-18,3,2,4,1,2,No
334,1226,2020-08-23,4,4,5,4,2,No
335,113,2018-11-07,3,2,3,4,2,No
336,340,2023-08-22,4,3,5,4,1,Yes
337,1044,2023-01-24,4,2,4,5,3,No
338,553,2022-09-22,4,3,5,4,3,No
339,959,2023-03-28,4,2,4,4,3,Yes
340,520,2023-04-19,4,2,4,5,3,Yes
341,331,2023-07-27,4,3,5,3,2,Yes
342,61,2023-08-24,4,2,3,4,4,No
343,94,2022-08-13,3,3,3,3,2,No
344,1430,2022-01-18,4,3,5,3,5,No
345,466,2021-02-10,4,3,5,5,2,No
346,436,2021-10-16,3,2,5,2,3,No
347,1113,2023-07-26,4,2,5,5,3,No
348,213,2023-03-11,4,4,4,4,2,No
349,761,2023-10-16,4,4,5,3,4,No
350,1237,2020-12-21,4,2,3,5,3,No
351,99,2023-05-23,4,4,3,3,4,No
352,1107,2023-01-22,4,3,4,4,2,No
353,867,2019-11-05,4,3,2,4,4,No
354,668,2023-12-06,3,4,3,4,1,No
355,1260,2023-11-19,4,3,3,5,3,No
356,683,2023-11-20,3,4,5,2,1,Yes
357,1123,2022-05-27,3,3,4,4,1,No
358,1250,2023-08-08,3,2,3,4,2,No
359,292,2024-01-28,4,2,4,4,3,No
360,605,2022-11-11,3,3,3,3,3,No
361,1372,2023-10-30,4,3,3,5,2,No
362,736,2022-05-02,3,2,5,3,2,No
363,752,2021-06-05,3,2,3,3,4,Yes
364,1322,2021-02-01,4,4,4,3,4,No
365,1247,2023-07-03,4,3,4,3,4,No
366,1223,2022-09-06,3,1,5,4,2,No
367,211,2024-01-14,4,2,5,3,4,No
368,151,2023-08-16,3,2,4,2,3,No
369,1417,2022-02-26,4,4,4,3,3,No
370,651,2022-07-23,4,4,5,3,3,No
371,282,2019-08-02,3,2,5,3,2,No
372,976,2023-12-06,3,2,4,3,3,No
373,131,2023-11-18,4,5,3,4,1,No
374,193,2021-09-25,4,1,5,5,2,No
375,1192,2020-02-26,3,3,4,3,2,No
376,807,2021-05-07,4,5,5,3,2,No
377,1066,2022-01-18,3,1,3,4,1,No
378,1366,2022-08-04,4,4,4,5,3,No
379,208,2022-09-19,4,3,5,2,3,No
380,844,2022-12-25,4,3,5,3,3,No
381,1394,2022-09-07,3,2,3,4,3,No
382,334,2021-11-07,3,3,3,2,1,No
383,842,2020-09-21,4,3,5,3,2,No
384,907,2023-04-21,4,3,4,4,3,No
385,1199,2022-09-22,3,2,4,3,2,No
386,772,2023-01-23,3,3,2,4,3,No
387,91,2023-11-29,4,3,5,5,2,No
388,1413,2021-01-04,4,4,4,4,2,No
389,412,2023-07-12,3,3,4,2,2,No
390,365,2022-02-28,4,4,5,3,1,No
391,315,2024-01-16,4,3,4,4,3,No
392,418,2022-10-21,3,1,4,3,1,No
393,49,2022-05-31,3,3,5,3,1,Yes
394,175,2023-12-21,3,2,3,4,3,No
395,451,2023-03-13,4,3,5,3,4,No
396,647,2023-10-08,3,4,1,4,3,Yes
397,112,2019-09-13,3,3,3,4,2,No
398,1104,2023-11-03,4,4,4,4,3,No
399,475,2023-12-17,3,2,3,3,4,No
400,378,2023-04-22,3,3,4,2,2,Yes
401,602,2022-10-24,4,4,4,2,3,No
402,985,2024-01-24,4,3,5,3,3,No
403,1282,2022-11-25,4,4,4,4,3,Yes
404,987,2023-12-25,4,2,5,3,3,No
405,1341,2022-11-12,4,3,5,4,2,No
406,1015,2020-01-27,4,3,5,4,3,No
407,775,2019-06-24,3,4,3,3,2,No
408,1244,2022-06-06,3,2,4,3,2,No
409,547,2024-01-14,4,4,3,4,2,No
410,1085,2019-06-28,4,5,4,3,3,No
411,390,2023-10-06,4,4,5,4,3,No
412,1160,2023-10-24,4,3,5,3,2,No
413,1324,2024-01-13,4,3,4,3,4,No
414,55,2022-12-16,4,4,5,4,2,Yes
415,973,2023-11-22,4,4,4,4,4,No
416,203,2023-09-04,4,3,5,4,2,No
417,459,2018-03-07,4,3,3,5,3,No
418,465,2022-06-10,3,3,5,3,1,Yes
419,1059,2022-01-03,3,4,2,3,3,No
420,383,2023-02-21,4,4,5,5,2,No
421,1117,2021-07-28,4,3,4,5,2,No
422,52,2023-07-27,4,3,3,4,3,Yes
423,972,2022-07-10,4,3,5,4,3,No
424,552,2023-12-29,4,2,5,4,2,No
425,889,2022-12-22,3,3,3,1,2,No
426,981,2020-03-11,3,3,3,3,2,No
427,1221,2023-10-18,4,4,5,4,3,No
428,893,2022-07-02,4,3,3,5,2,No
429,1437,2023-06-22,3,4,1,3,3,No
430,177,2023-08-16,3,3,2,4,1,Yes
431,655,2023-09-15,4,4,4,3,2,Yes
432,908,2023-02-19,4,3,5,4,4,No
433,416,2023-06-07,4,3,2,4,4,No
434,1005,2023-11-03,4,3,4,4,3,No
435,1165,2023-10-15,3,3,5,2,1,Yes
436,531,2023-11-23,3,4,5,2,1,No
437,1352,2021-07-29,3,3,3,2,1,No
438,395,2022-04-30,4,3,5,5,3,No
439,198,2023-02-20,4,1,5,3,4,No
440,300,2021-10-07,2,4,1,2,1,No
441,975,2023-09-02,3,3,3,3,3,No
442,905,2023-09-09,4,3,4,5,3,No
443,1087,2022-07-26,4,2,4,5,2,No
444,1373,2022-08-27,3,1,4,4,1,No
445,995,2022-07-31,3,2,3,3,2,No
446,325,2022-11-20,3,4,2,3,3,No
447,1033,2022-06-19,4,3,5,5,2,No
448,201,2023-03-15,4,5,4,4,2,Yes
449,406,2023-08-30,5,5,5,4,3,No
450,595,2021-07-30,3,1,4,3,1,Yes
451,659,2023-05-08,3,2,4,2,4,Yes
452,1431,2023-08-31,4,4,4,4,2,Yes
453,604,2020-11-06,4,2,5,5,4,No
454,533,2023-03-31,4,4,4,5,2,No
455,34,2022-04-02,3,3,4,2,1,No
456,756,2021-02-01,3,3,4,2,3,Yes
457,943,2020-10-28,4,3,4,5,3,No
458,1436,2022-05-25,4,4,3,3,3,No
459,476,2022-02-13,3,3,3,4,2,No
460,525,2020-05-12,3,3,4,2,3,No
461,890,2023-04-20,4,4,5,3,2,No
462,448,2021-01-13,3,2,4,3,2,No
463,314,2020-10-03,4,2,4,4,3,No
464,998,2023-11-02,3,3,4,3,1,No
465,1438,2021-08-27,4,5,3,4,2,No
466,190,2020-12-16,4,4,5,3,1,No
467,366,2021-11-30,4,4,4,3,2,Yes
468,335,2021-06-14,3,2,5,2,2,No
469,168,2022-09-21,4,4,4,4,4,No
470,1004,2022-07-20,4,3,5,4,1,No
471,1406,2023-07-04,3,3,3,4,2,No
472,1299,2023-04-19,4,4,4,5,2,Yes
473,906,2023-05-06,3,2,5,2,2,Yes
474,708,2023-07-16,4,3,5,4,3,No
475,872,2023-09-03,3,2,3,3,2,Yes
476,625,2022-04-09,4,4,5,3,2,No
477,115,2021-12-26,4,3,4,3,3,No
478,786,2020-08-02,4,2,4,5,2,No
479,802,2022-03-04,4,4,5,4,1,No
480,68,2023-10-01,4,4,4,5,3,No
481,1061,2021-03-24,3,3,4,3,2,No
482,728,2019-10-09,4,4,3,3,3,No
483,774,2020-04-29,3,4,2,3,3,No
484,206,2023-03-24,4,4,4,5,2,No
485,743,2022-11-23,3,3,3,4,2,No
486,434,2022-03-20,4,3,4,4,2,No
487,1020,2022-08-13,3,2,4,3,2,No
488,694,2023-12-22,4,4,5,3,2,No
489,490,2022-12-23,4,2,4,4,3,No
490,642,2021-12-06,3,3,4,2,1,No
491,938,2021-12-03,4,3,4,5,2,No
492,782,2022-06-18,3,2,5,2,3,No
493,455,2023-07-28,3,3,4,3,2,No
494,224,2023-12-06,4,3,3,4,3,No
495,760,2023-08-22,3,3,4,1,2,No
496,226,2021-12-02,3,2,5,2,2,No
497,481,2022-03-15,3,2,5,3,2,No
498,757,2019-11-04,3,4,2,2,2,No
499,822,2023-05-19,5,3,5,5,4,Yes
500,713,2023-10-06,4,4,2,4,3,No
501,1435,2023-03-21,4,2,5,4,2,No
502,24,2023-06-16,4,3,4,3,3,No
503,1403,2020-10-30,3,2,3,4,2,No
504,596,2021-08-18,3,1,5,3,3,No
505,1385,2023-09-14,4,5,5,4,2,Yes
506,513,2022-11-07,4,4,5,4,2,No
507,962,2022-11-14,4,4,3,3,5,No
508,1382,2019-04-25,4,4,4,4,3,No
509,641,2022-10-22,3,3,5,3,1,No
510,67,2021-11-25,4,4,5,4,1,No
511,1361,2023-02-19,4,3,3,4,3,No
512,259,2020-01-06,4,4,3,3,3,No
513,103,2022-01-08,3,2,4,3,2,No
514,1252,2022-11-14,4,3,4,4,3,No
515,983,2023-02-05,4,3,4,5,2,No
516,100,2020-05-01,3,2,5,2,2,No
517,1209,2023-10-14,4,4,4,3,2,No
518,1231,2022-07-20,3,3,3,4,2,No
519,768,2019-11-12,4,4,4,4,1,No
520,555,2023-09-07,3,3,3,4,2,No
521,716,2024-01-11,3,2,5,3,2,No
522,881,2023-01-14,3,2,5,2,2,No
523,404,2023-02-06,4,4,3,5,3,No
524,149,2023-07-27,3,4,4,1,1,Yes
525,238,2022-04-12,4,3,4,5,2,No
526,1055,2023-10-10,4,4,4,4,3,Yes
527,441,2022-10-31,3,4,3,3,1,No
528,989,2020-12-25,4,3,5,4,2,Yes
529,457,2023-12-29,3,3,4,3,1,No
530,1268,2020-04-24,4,3,5,5,1,No
531,633,2023-10-25,3,4,4,2,1,No
532,1286,2024-01-04,4,4,2,4,3,Yes
533,855,2023-03-13,4,3,4,4,3,No
534,684,2023-12-16,4,3,3,5,2,No
535,1317,2023-12-19,4,4,4,3,3,Yes
536,4,2023-07-11,3,3,4,4,1,No
537,696,2021-08-25,4,3,4,4,4,No
538,1027,2021-11-07,4,2,5,5,3,No
539,244,2021-11-21,4,3,4,4,3,Yes
540,215,2021-03-11,4,2,5,4,3,No
541,23,2020-12-13,4,1,5,4,4,No
542,1225,2020-01-10,3,3,5,2,1,No
543,1216,2021-08-16,4,4,3,4,2,No
544,672,2019-10-16,4,3,4,5,2,No
545,1039,2021-08-02,2,2,2,3,1,Yes
546,60,2023-01-27,3,4,1,4,1,No
547,1014,2020-11-18,4,5,3,3,3,No
548,93,2023-04-18,3,2,4,4,1,No
549,792,2022-10-01,3,4,4,2,1,Yes
550,1308,2023-01-17,4,5,4,4,3,Yes
551,1116,2023-01-24,4,3,4,4,3,No
552,726,2022-07-29,3,3,3,4,2,Yes
553,997,2022-08-07,4,2,5,4,3,No
554,764,2023-10-23,3,1,5,2,3,No
555,1356,2024-01-22,4,2,5,3,4,Yes
556,562,2022-06-08,3,4,5,2,1,No
557,979,2022-10-15,3,3,3,1,2,No
558,487,2023-12-19,3,2,5,2,2,No
559,1386,2023-10-25,3,2,5,2,2,No
560,160,2022-09-25,4,4,4,4,1,No
561,1206,2023-08-17,4,4,4,3,3,No
562,1335,2022-05-03,4,2,5,4,2,Yes
563,1405,2023-08-05,4,4,5,3,1,No
564,896,2022-10-01,3,2,3,4,2,No
565,1285,2023-05-27,4,3,2,5,3,No
566,145,2023-12-13,4,3,5,3,4,No
567,1334,2022-12-18,3,3,4,3,1,Yes
568,1080,2022-06-14,3,3,3,3,1,No
569,36,2023-08-12,3,3,4,4,1,No
570,362,2022-02-13,3,1,3,4,1,Yes
571,742,2020-06-15,3,5,1,3,3,No
572,1002,2022-10-26,4,5,4,3,1,No
573,922,2019-02-26,4,3,5,3,2,No
574,320,2023-12-30,4,4,4,3,2,No
575,626,2023-11-26,4,3,3,4,3,No
576,897,2021-11-27,5,5,4,5,3,Yes
577,584,2022-12-16,4,5,4,5,2,No
578,1085,2023-09-21,2,2,3,2,1,Yes
579,1316,2019-07-14,3,3,4,3,1,No
580,1156,2023-04-19,3,2,4,4,2,No
581,1146,2021-03-26,4,3,5,5,1,No
582,1,2023-06-27,4,5,5,3,3,Yes
583,1075,2021-01-28,4,3,5,3,3,No
584,801,2017-10-29,3,2,4,2,3,No
585,1119,2023-03-25,3,2,3,3,2,No
586,1144,2022-08-09,3,3,3,3,2,Yes
587,950,2020-04-16,3,1,5,3,2,No
588,255,2022-04-25,4,4,3,4,4,No
589,182,2022-03-08,3,5,3,2,2,No
590,78,2022-10-29,3,2,4,2,3,No
591,261,2019-10-12,3,2,4,2,2,No
592,324,2023-11-27,4,3,4,3,3,Yes
593,1204,2023-12-28,3,3,3,3,3,Yes
594,592,2022-08-15,4,3,4,5,3,No
595,770,2022-04-19,4,5,4,2,4,No
596,293,2023-12-18,3,3,3,3,3,No
597,628,2020-02-26,3,2,4,3,3,No
598,846,2023-01-10,4,3,2,5,3,No
599,1077,2023-12-27,4,5,4,4,2,No
600,1271,2022-11-03,3,4,3,3,2,No
601,735,2020-08-04,4,3,5,3,2,No
602,488,2021-03-10,3,4,3,2,1,No
603,1137,2023-06-20,3,1,5,3,2,No
604,45,2023-03-04,4,4,3,3,5,No
605,484,2023-05-13,4,3,4,4,2,Yes
606,1105,2023-09-20,4,4,5,5,2,Yes
607,951,2023-08-12,3,3,5,2,2,No
608,1098,2020-09-07,4,3,3,5,2,Yes
609,851,2023-11-28,4,3,5,2,4,No
610,582,2023-11-19,3,2,5,1,1,Yes
611,1068,2023-03-10,3,3,3,3,3,No
612,753,2020-06-21,4,4,4,4,3,No
613,359,2023-11-13,3,4,1,3,1,No
614,939,2023-12-02,4,2,4,4,3,No
615,422,2022-10-25,4,2,4,5,3,No
616,1357,2023-10-11,4,4,4,4,2,No
617,174,2022-09-03,4,3,4,4,2,No
618,1084,2023-04-02,3,3,3,2,4,Yes
619,291,2022-04-12,2,1,3,1,1,No
620,629,2023-11-04,4,4,5,2,4,No
621,751,2021-01-19,4,4,3,2,4,No
622,1280,2021-10-18,4,5,3,4,2,No
623,1012,2023-04-07,4,3,5,4,2,No
624,1201,2022-07-22,4,4,4,4,1,No
625,307,2023-12-06,3,3,4,4,1,No
626,230,2023-12-31,4,4,5,5,1,No
627,275,2022-12-12,4,2,4,4,3,No
628,1313,2023-11-09,3,2,5,2,2,No
629,1312,2022-09-27,3,2,3,3,3,No
630,1168,2022-03-01,5,5,5,5,2,No
631,493,2021-05-17,3,3,4,3,2,Yes
632,381,2021-11-08,4,3,3,5,4,No
633,1310,2021-01-13,2,2,3,2,1,Yes
634,283,2022-06-17,4,3,3,4,3,No
635,253,2023-05-24,4,4,3,4,2,No
636,461,2021-06-10,3,2,3,4,3,No
637,267,2021-06-06,4,4,4,3,2,No
638,446,2022-05-16,4,5,4,4,3,Yes
639,427,2020-11-30,4,3,4,4,3,No
640,1304,2023-08-27,2,2,3,2,1,Yes
641,1355,2021-09-03,3,3,3,3,3,No
642,1036,2023-04-13,4,3,4,5,2,No
643,48,2024-01-08,4,4,4,4,1,No
644,759,2022-09-07,4,4,3,3,4,Yes
645,685,2018-12-13,4,3,5,3,3,Yes
646,1272,2022-08-23,3,2,3,4,1,Yes
647,1258,2023-09-02,4,4,5,4,3,No
648,727,2021-01-04,3,3,3,3,1,No
649,692,2020-06-18,4,4,5,4,1,No
650,847,2023-03-12,4,3,5,4,1,No
651,1073,2020-11-27,3,3,4,3,2,No
652,730,2023-09-17,3,4,3,3,2,Yes
653,1082,2022-01-16,4,2,5,4,2,No
654,550,2021-12-05,3,4,3,3,2,No
655,599,2018-07-02,3,1,4,3,1,Yes
656,654,2022-11-04,4,3,4,4,3,Yes
657,904,2023-11-22,3,5,3,3,1,No
658,1108,2021-07-30,4,4,5,4,2,Yes
659,841,2019-11-25,2,1,2,4,1,Yes
660,825,2022-03-01,4,3,4,5,1,No
661,162,2024-01-12,4,4,4,4,2,No
662,142,2023-06-24,4,2,5,5,2,No
663,687,2023-01-20,3,3,4,1,3,Yes
664,1384,2020-11-14,4,4,5,3,3,No
665,1161,2022-04-15,4,2,5,3,3,No
666,178,2019-04-29,3,4,5,2,1,No
667,1007,2023-02-28,3,2,4,3,3,No
668,681,2023-11-07,5,5,5,5,3,No
669,1424,2023-12-06,3,1,4,4,3,No
670,824,2023-05-21,3,2,5,3,2,No
671,298,2023-07-20,3,3,5,3,1,No
672,977,2019-09-29,3,3,5,2,1,No
673,848,2024-01-06,3,3,4,2,2,No
674,853,2018-01-27,3,2,4,2,3,No
675,970,2021-01-30,4,4,5,5,2,Yes
676,634,2023-12-27,3,2,4,4,2,No
677,224,2019-03-06,4,4,5,4,3,No
678,795,2022-10-07,4,4,4,3,4,No
679,61,2023-02-16,3,4,1,3,2,Yes
680,42,2023-12-29,4,3,5,4,2,No
681,1379,2021-01-03,3,2,4,2,1,No
682,868,2021-09-21,3,4,4,2,2,No
683,118,2021-07-21,4,3,5,5,2,No
684,402,2019-09-02,4,2,5,4,2,No
685,936,2022-07-18,3,3,5,2,2,No
686,1345,2022-02-28,3,2,4,3,3,No
687,1057,2021-06-15,4,2,4,3,4,No
688,833,2023-07-27,3,2,5,3,1,No
689,304,2023-07-06,4,3,5,4,2,Yes
690,1395,2023-03-14,4,3,5,2,3,No
691,774,2023-04-24,3,2,3,4,1,No
692,400,2023-08-31,2,3,1,2,2,Yes
693,835,2021-07-18,4,3,4,3,3,No
694,413,2021-05-02,4,3,4,4,4,Yes
695,317,2023-07-16,4,4,4,4,1,No
696,1174,2023-10-28,4,4,4,3,2,No
697,431,2018-04-23,3,2,1,4,2,No
698,423,2021-04-29,4,4,5,4,3,No
699,438,2023-11-03,4,5,5,2,1,No
700,1060,2023-08-03,3,3,1,3,3,No
701,1296,2022-08-08,3,3,4,3,2,No
702,478,2022-10-21,3,3,3,1,3,No
703,1193,2023-06-17,4,4,5,4,3,No
704,721,2021-05-13,4,2,5,4,3,No
705,505,2023-03-21,4,3,3,5,3,No
706,199,2022-06-17,3,4,2,3,3,No
707,546,2023-03-04,2,3,2,2,1,No
708,510,2020-11-14,3,4,4,2,2,No
709,136,2022-04-06,4,2,4,5,2,Yes
710,1322,2021-11-14,3,3,4,4,1,No
711,119,2021-08-22,4,2,5,4,2,No
712,1425,2022-09-29,3,4,4,2,2,No
713,741,2022-12-31,3,3,4,1,2,No
714,803,2022-06-18,3,2,4,4,2,Yes
715,214,2023-01-19,3,4,2,3,3,No
716,1078,2024-01-22,3,2,4,2,2,No
717,41,2022-08-08,4,3,5,2,3,Yes
718,1410,2020-05-22,3,1,4,2,3,Yes
719,66,2022-07-08,4,4,5,2,2,Yes
720,1234,2021-12-30,4,2,5,5,1,No
721,1054,2023-11-16,4,3,5,2,3,Yes
722,1434,2023-08-29,4,3,4,4,3,No
723,249,2019-02-20,3,3,4,2,2,Yes
724,898,2023-08-17,4,4,4,4,3,Yes
725,1243,2022-09-11,4,2,4,4,3,No
726,1025,2022-10-23,4,4,4,3,3,No
727,265,2019-02-01,4,4,4,3,4,No
728,1197,2021-11-23,3,3,3,4,1,No
729,123,2023-07-31,4,3,4,5,2,No
730,832,2022-08-24,3,3,5,2,2,No
731,332,2020-03-27,3,2,3,4,2,No
732,686,2022-07-20,3,3,4,3,2,No
733,688,2022-11-15,3,2,3,4,1,No
734,349,2022-09-20,4,3,4,5,3,No
735,834,2023-01-23,4,4,3,4,3,No
736,380,2023-11-11,4,4,4,4,3,No
737,108,2022-01-11,4,3,5,5,2,No
738,1211,2023-08-02,4,3,4,5,2,No
739,386,2018-11-25,4,5,5,4,2,No
740,1058,2023-12-31,4,2,4,5,2,Yes
741,472,2018-11-30,3,3,5,3,1,No
742,1109,2019-05-08,3,1,4,2,3,No
743,558,2022-06-18,4,4,5,5,1,No
744,648,2023-11-29,4,4,5,4,3,No
745,122,2023-10-04,2,1,1,2,1,Yes
746,53,2023-03-17,4,4,3,4,2,No
747,934,2022-11-06,3,2,3,5,1,No
748,1021,2021-06-13,4,4,4,4,4,No
749,296,2023-05-07,4,2,4,4,4,No
750,836,2022-06-16,4,3,4,5,1,No
751,644,2023-10-05,3,3,3,3,2,No
752,12,2023-06-05,4,2,4,4,3,Yes
753,90,2023-01-07,4,3,3,4,3,No
754,1420,2018-12-29,3,2,3,3,2,No
755,1031,2022-05-03,4,4,4,5,3,No
756,1125,2022-03-26,4,4,4,4,2,No
757,447,2022-04-04,4,3,4,5,1,No
758,1426,2022-10-19,4,2,4,4,3,No
759,857,2023-07-18,3,3,4,3,1,No
760,485,2022-01-13,4,4,5,3,3,No
761,1371,2023-01-30,3,2,3,4,1,No
762,1045,2018-11-15,3,5,3,2,1,No
763,1207,2023-04-21,2,1,4,2,1,Yes
764,703,2023-07-24,4,3,4,5,1,No
765,557,2019-11-27,4,3,4,5,2,No
766,828,2023-04-11,4,3,4,4,3,No
767,454,2019-12-07,3,4,4,2,2,No
768,360,2023-02-11,4,1,5,5,2,No
769,257,2023-07-24,4,4,5,2,3,Yes
770,601,2023-03-06,2,2,1,2,2,No
771,327,2023-10-22,4,3,4,4,2,Yes
772,1344,2022-02-03,3,3,2,3,3,Yes
773,1330,2023-04-16,3,1,5,4,1,Yes
774,1305,2022-09-29,3,2,4,3,3,Yes
775,1049,2023-03-23,4,3,4,3,3,Yes
776,1006,2021-04-12,3,1,3,4,3,No
777,560,2020-05-05,3,5,3,3,1,No
778,188,2023-07-09,3,3,3,4,1,No
779,563,2023-10-24,3,2,5,4,1,No
780,919,2020-04-28,4,4,3,4,2,No
781,1048,2023-03-02,4,3,5,5,1,No
782,1081,2023-03-29,3,2,3,4,1,Yes
783,417,2018-11-19,4,2,5,3,4,No
784,355,2021-01-18,4,3,4,5,2,No
785,137,2022-06-11,3,4,3,4,1,Yes
786,393,2022-05-09,4,4,4,4,3,Yes
787,89,2018-10-23,4,4,5,3,2,No
788,445,2018-08-22,3,4,4,3,1,No
789,1076,2020-01-31,4,2,4,3,4,No
790,1370,2019-04-22,3,2,4,3,3,No
791,1409,2023-11-02,4,2,5,4,2,No
792,588,2023-05-23,3,3,4,3,2,No
793,1217,2023-04-15,5,4,5,5,3,No
794,1169,2022-09-04,3,2,4,2,3,No
795,1086,2023-08-18,3,2,4,4,2,No
796,1369,2024-01-12,4,4,5,2,2,No
797,909,2023-11-10,3,3,2,4,2,No
798,524,2023-05-30,4,4,5,3,3,No
799,999,2023-06-08,4,4,3,3,3,Yes
800,290,2023-10-01,3,2,4,3,1,Yes
801,1154,2023-10-15,4,3,4,4,5,No
802,706,2021-12-13,3,3,3,4,2,Yes
803,871,2023-03-18,4,5,4,4,3,No
804,135,2020-03-25,3,1,5,2,3,Yes
805,840,2020-01-10,4,5,4,4,2,No
806,1273,2020-11-09,4,3,3,5,3,No
807,1019,2021-08-01,3,2,3,3,2,No
808,1330,2023-07-10,4,2,5,3,4,No
809,385,2022-06-13,4,4,5,4,1,No
810,689,2021-08-16,4,2,4,5,2,No
811,54,2020-07-07,4,3,5,4,2,No
812,991,2023-12-21,5,3,5,5,4,No
813,421,2020-06-14,4,3,4,3,3,Yes
814,9,2023-03-02,4,2,4,5,3,No
815,469,2021-03-18,4,4,4,4,2,No
816,1254,2024-01-21,3,3,3,4,2,Yes
817,152,2023-11-21,4,3,5,4,4,No
818,500,2023-01-01,3,1,4,5,1,No
819,187,2023-05-04,4,3,4,3,3,No
820,106,2023-07-09,4,2,4,5,2,No
821,618,2022-07-07,3,2,5,1,4,No
822,105,2020-11-10,4,4,5,4,2,No
823,480,2021-07-09,3,3,3,2,3,No
824,486,2023-05-23,3,3,3,4,2,No
825,143,2023-12-16,4,4,4,3,2,No
826,785,2020-08-24,4,4,4,3,3,Yes
827,643,2022-05-10,4,3,4,3,3,No
828,929,2020-12-24,4,4,3,4,3,No
829,1399,2023-06-12,4,3,5,5,2,No
830,957,2021-12-14,3,3,4,3,1,No
831,343,2021-08-09,4,4,3,5,2,No
832,1233,2022-06-27,5,5,5,3,4,No
833,914,2022-07-08,4,2,4,4,3,Yes
834,321,2023-04-19,3,3,5,2,2,No
835,102,2023-10-02,4,3,5,5,2,No
836,1320,2023-09-20,4,5,3,5,3,No
837,342,2022-10-21,4,3,5,4,3,No
838,26,2022-08-28,4,3,4,4,3,Yes
839,566,2023-10-08,3,2,5,3,2,No
840,1111,2023-01-15,4,3,5,3,2,No
841,665,2023-03-30,4,4,4,3,2,Yes
842,748,2023-12-27,4,4,5,3,1,No
843,497,2022-11-19,3,2,3,1,3,No
844,339,2022-11-25,4,4,1,5,3,Yes
845,286,2023-08-11,3,2,5,3,2,No
846,717,2023-12-17,3,3,2,3,1,Yes
847,120,2022-07-05,2,1,2,3,2,Yes
848,147,2021-06-04,4,4,5,1,3,No
849,1255,2022-12-11,3,2,5,3,2,No
850,1333,2023-09-25,4,3,4,3,3,Yes
851,826,2022-02-12,4,3,5,3,3,No
852,1050,2023-02-25,4,4,5,4,3,No
853,1046,2019-11-30,4,3,4,5,2,No
854,502,2022-05-16,4,3,4,5,1,Yes
855,79,2023-04-23,4,4,5,3,2,No
856,276,2023-04-14,4,3,5,2,3,No
857,44,2023-09-02,3,1,4,4,3,Yes
858,80,2024-01-03,4,2,5,3,4,No
859,784,2023-05-16,3,2,2,3,3,Yes
860,319,2021-03-11,2,1,4,2,1,Yes
861,522,2022-02-09,4,3,5,3,2,No
862,718,2021-03-11,3,3,4,3,2,No
863,944,2023-03-14,2,3,1,2,2,No
864,1295,2022-07-20,3,3,3,3,1,No
865,73,2023-07-20,4,5,4,5,2,No
866,1210,2022-12-25,3,2,5,4,1,No
867,169,2023-10-01,4,2,5,4,3,No
868,104,2023-02-24,4,4,3,5,3,No
869,911,2023-08-22,4,3,4,5,3,No
870,1325,2023-09-03,3,2,3,2,2,No
871,41,2020-09-25,3,3,2,3,4,No
872,752,2022-08-18,4,2,5,5,3,No
873,830,2021-12-15,3,2,4,4,2,No
874,1314,2023-04-10,3,2,4,4,2,No
875,1289,2022-12-18,3,3,5,3,1,Yes
876,463,2023-09-08,4,3,4,3,4,No
877,597,2023-12-04,4,2,4,4,3,No
878,852,2024-01-18,4,2,5,4,2,No
879,356,2023-11-19,3,3,3,3,3,Yes
880,266,2023-11-18,3,3,3,3,2,No
881,1098,2022-05-01,4,4,4,4,3,No
882,47,2023-07-01,3,2,4,3,2,No
883,1318,2021-08-03,4,4,3,5,2,No
884,1390,2020-05-25,3,4,3,4,1,No
885,741,2023-10-17,3,2,4,4,1,Yes
886,722,2022-09-01,4,3,4,5,1,No
887,507,2022-01-27,3,3,4,3,1,Yes
888,394,2018-09-27,4,4,5,4,3,No
889,1127,2023-09-03,4,4,4,4,2,No
890,1167,2021-01-01,3,3,5,3,1,No
891,27,2021-06-06,3,1,4,3,1,No
892,571,2020-10-02,4,4,5,5,2,No
893,226,2023-01-04,4,4,4,4,3,Yes
894,452,2023-09-02,4,3,5,2,3,No
895,1309,2023-06-15,3,2,5,2,3,No
896,544,2023-02-13,4,3,4,5,1,No
897,1153,2021-11-25,3,3,3,4,2,No
898,141,2021-05-20,4,4,3,2,4,Yes
899,394,2022-11-04,4,4,5,4,1,No
900,1029,2021-08-11,4,3,5,3,4,No
901,1165,2023-02-20,3,2,5,3,1,No
902,583,2022-11-05,4,5,4,5,1,No
903,774,2023-12-14,3,3,3,1,3,Yes
904,1321,2023-11-04,4,3,5,2,3,Yes
905,1032,2023-06-11,4,2,5,4,3,No
906,875,2023-01-13,4,3,5,3,3,No
907,878,2020-04-09,4,4,3,4,2,No
908,1213,2023-03-22,3,3,4,4,1,No
909,14,2023-10-14,4,3,5,3,2,Yes
910,10,2023-06-03,4,5,2,3,3,No
911,761,2021-02-23,3,3,3,3,1,No
912,937,2022-09-11,4,4,5,2,4,No
913,289,2022-10-12,4,3,5,4,2,Yes
914,254,2022-10-27,4,5,5,3,1,No
915,645,2023-12-17,3,2,4,4,2,No
916,1037,2023-02-07,3,3,3,4,2,No
917,297,2024-01-07,3,2,3,3,4,No
918,114,2023-11-13,3,3,5,3,1,No
919,504,2024-01-21,4,5,3,3,3,No
920,778,2023-01-16,4,3,4,5,1,No
921,1136,2022-01-24,4,3,4,3,3,No
922,877,2019-10-22,2,2,1,4,1,Yes
923,345,2020-06-23,3,2,3,5,2,No
924,1001,2023-11-02,4,4,3,3,3,No
925,1290,2021-04-16,3,2,4,3,2,No
926,1278,2022-05-31,3,3,4,4,1,Yes
927,428,2023-12-25,4,4,5,3,4,No
928,245,2023-08-24,3,3,4,4,1,No
929,477,2021-10-12,4,4,5,5,2,Yes
930,269,2024-01-02,4,2,3,4,4,No
931,1319,2022-01-18,4,3,3,3,4,No
932,21,2021-08-04,3,2,3,3,2,No
933,117,2020-06-15,4,3,5,4,2,No
934,398,2023-04-10,4,2,4,4,4,No
935,1180,2020-11-28,3,3,4,2,1,Yes
936,667,2021-08-08,4,2,5,3,4,No
937,323,2023-08-12,3,2,5,4,1,No
938,1121,2022-05-19,3,2,4,4,1,No
939,933,2021-09-11,3,2,3,3,2,No
940,258,2020-11-17,4,4,4,4,2,No
941,926,2022-09-20,4,4,5,3,3,No
942,504,2022-05-27,4,3,5,3,2,No
943,1185,2022-08-15,4,4,4,3,3,Yes
944,368,2022-08-29,3,3,3,3,2,No
945,1043,2023-12-23,4,2,4,4,3,No
946,942,2022-10-16,3,4,3,1,2,No
947,1375,2022-11-19,3,2,4,2,1,No
948,1013,2022-11-18,4,5,4,4,1,No
949,501,2019-05-31,3,1,5,3,2,No
950,594,2023-03-02,3,3,3,4,2,No
951,1067,2023-12-04,3,3,5,2,2,No
952,1398,2022-03-28,4,3,3,3,5,No
953,928,2023-10-22,3,2,3,4,2,No
954,593,2023-10-11,3,3,3,3,2,No
955,361,2022-05-07,3,3,4,3,1,No
956,622,2023-02-12,3,2,1,3,4,No
957,682,2024-01-13,3,2,4,2,2,No
958,1072,2017-07-21,3,2,2,5,3,No
959,411,2023-12-05,4,3,5,4,2,Yes
960,206,2022-11-06,3,1,4,4,3,Yes
961,806,2018-09-28,3,3,3,3,2,Yes
962,426,2023-02-15,4,5,4,3,1,No
963,31,2021-03-25,3,2,4,4,2,No
964,763,2023-10-25,3,2,5,2,3,Yes
965,636,2024-01-09,4,3,4,3,3,No
966,741,2023-10-09,4,2,4,3,4,No
967,218,2023-03-03,4,3,3,3,4,No
968,410,2022-08-29,3,3,4,4,1,No
969,140,2021-10-07,4,3,4,4,3,Yes
970,221,2022-08-18,3,4,2,4,2,No
971,623,2023-05-25,4,4,3,4,3,No
972,573,2021-01-16,3,3,4,3,1,No
973,591,2023-12-30,4,2,5,5,1,No
974,202,2023-04-18,4,4,5,2,4,No
975,93,2023-08-05,3,2,5,3,2,No
976,299,2023-07-18,3,3,4,4,1,Yes
977,1064,2023-10-01,3,3,4,3,1,Yes
978,908,2023-03-31,3,3,5,3,1,No
979,278,2023-03-24,3,1,5,3,2,No
980,680,2023-01-05,4,4,5,3,3,No
981,691,2023-12-11,4,4,4,4,1,No
982,318,2023-10-23,4,5,3,3,3,No
983,820,2022-08-13,4,4,4,4,1,No
984,77,2020-09-30,4,4,4,3,2,Yes
985,306,2024-01-16,3,2,3,3,4,No
986,161,2022-11-09,4,5,4,3,1,No
987,347,2023-11-11,3,4,4,3,1,No
988,1397,2023-10-25,2,2,2,1,2,Yes
989,876,2023-07-13,3,2,5,2,2,No
990,301,2024-01-17,4,4,3,3,3,No
991,1134,2023-08-29,4,4,5,4,3,No
992,382,2020-08-26,4,4,4,3,2,No
993,994,2022-04-22,4,2,5,2,5,No
994,1378,2023-02-05,3,2,2,3,2,No
995,1281,2021-11-20,4,4,2,3,5,No
996,1277,2022-10-25,4,3,4,5,4,No
997,97,2021-06-15,3,4,4,3,1,Yes
998,815,2022-06-16,3,3,5,2,2,No
999,752,2023-11-10,3,3,4,4,1,No
1000,184,2024-01-09,4,4,5,4,2,No
1001,538,2023-04-28,3,2,1,5,2,Yes
1002,639,2023-07-08,4,5,2,5,3,No
1003,92,2021-03-29,4,4,4,4,3,Yes
1004,745,2023-11-14,4,2,5,4,4,No
1005,1311,2023-05-30,4,3,4,4,2,No
1006,543,2020-09-16,3,3,4,2,2,Yes
1007,223,2022-11-29,4,4,4,5,2,No
1008,1070,2020-08-25,4,3,4,4,2,No
1009,1339,2023-01-15,4,3,4,3,3,No
1010,1000,2020-01-27,3,3,4,3,2,No
1011,441,2023-08-03,4,2,5,5,2,No
1012,729,2023-09-02,3,1,5,2,2,Yes
1013,614,2020-05-18,4,3,5,4,2,No
1014,394,2023-11-15,4,2,4,4,3,Yes
1015,755,2021-01-31,4,3,5,4,1,No
1016,823,2023-11-26,5,3,5,5,4,No
1017,1387,2021-06-26,3,1,4,5,2,No
1018,1062,2022-02-23,3,4,4,3,1,Yes
1019,1141,2023-08-22,4,4,4,4,1,Yes
1020,1052,2019-08-10,3,3,5,1,2,No
1021,616,2020-07-31,3,1,4,4,1,No
1022,280,2023-06-25,4,4,5,4,2,No
1023,1270,2022-05-22,3,4,5,2,1,Yes
1024,1323,2023-12-24,3,3,4,3,2,No
1025,1175,2023-10-03,3,2,4,3,2,No
1026,1288,2021-07-12,4,2,3,4,4,No
1027,1181,2022-12-21,3,4,4,2,1,No
1028,1265,2023-12-12,3,3,3,3,3,No
1029,1293,2023-10-22,4,3,2,4,5,No
1030,489,2023-08-01,3,2,3,4,2,No
1031,1359,2020-08-15,3,3,4,3,1,Yes
1032,549,2020-10-28,3,3,5,3,1,No
1033,585,2022-08-26,3,2,4,4,2,No
1034,430,2023-08-25,4,2,3,5,3,No
1035,946,2023-05-12,3,1,4,3,1,Yes
1036,8,2023-09-05,3,2,5,2,3,No
1037,566,2022-04-18,4,5,4,2,2,No
1038,1245,2020-05-15,4,3,4,4,2,No
1039,1429,2018-07-19,4,5,3,2,3,No
1040,852,2023-02-04,4,3,4,4,2,No
1041,935,2021-03-13,3,3,4,2,2,No
1042,652,2022-04-19,3,2,5,3,2,Yes
1043,87,2023-11-21,3,3,4,2,2,No
1044,1115,2023-10-14,4,4,5,4,1,No
1045,311,2021-01-23,4,4,4,4,2,No
1046,353,2024-01-02,3,3,3,4,1,No
1047,222,2020-11-12,3,4,4,2,2,No
1048,948,2023-07-16,3,2,2,2,3,No
1049,910,2022-11-23,4,2,5,4,2,No
1050,1022,2021-12-18,4,4,4,3,2,No
1051,121,2022-10-29,3,2,4,2,3,No
1052,173,2022-01-24,3,2,4,4,2,Yes
1053,81,2023-12-26,3,4,3,4,1,No
1054,631,2021-08-03,4,4,3,3,4,No
1055,1140,2022-07-05,5,5,5,4,3,No
1056,946,2020-12-27,4,2,4,5,3,Yes
1057,336,2022-01-22,4,3,3,4,3,No
1058,790,2023-05-21,4,3,5,4,3,No
1059,89,2021-09-01,3,1,4,4,1,No
1060,1219,2023-05-17,4,1,5,4,3,No
1061,154,2021-02-01,4,3,4,5,1,No
1062,231,2018-08-24,5,5,5,5,2,No
1063,240,2022-07-23,4,4,4,3,3,Yes
1064,277,2021-07-05,3,2,5,3,1,No
1065,458,2022-06-27,3,3,3,5,1,No
1066,166,2021-11-10,4,3,5,4,3,No
1067,491,2022-04-13,4,2,4,3,4,No
1068,1145,2023-04-08,4,3,5,3,2,No
1069,864,2022-09-10,4,5,5,4,1,No
1070,548,2020-11-23,3,1,4,4,2,No
1071,631,2022-03-24,4,2,5,4,2,No
1072,309,2020-03-28,3,3,3,4,1,No
1073,762,2023-12-09,4,5,5,2,1,No
1074,187,2022-04-01,4,3,4,2,4,Yes
1075,1182,2023-12-21,3,1,5,4,1,Yes
1076,234,2022-04-23,4,2,5,3,3,Yes
1077,206,2023-12-09,3,2,3,3,2,No
1078,882,2022-09-19,3,2,4,3,1,No
1079,197,2023-06-25,4,4,4,4,3,Yes
1080,492,2023-10-19,5,3,4,5,5,No
1081,506,2024-01-25,5,4,5,5,3,No
1082,56,2023-05-06,3,3,3,2,3,No
1083,611,2021-05-22,4,3,5,4,1,No
1084,1367,2021-07-13,4,2,4,4,4,No
1085,326,2023-08-10,3,2,4,4,2,No
1086,461,2022-07-22,4,3,3,5,2,No
1087,765,2022-02-14,4,4,4,3,3,Yes
1088,1148,2019-10-29,4,4,4,4,2,No
1089,1148,2024-01-25,4,3,5,5,2,No
1090,805,2023-03-13,4,2,5,4,3,No
1091,964,2023-07-19,3,1,4,3,2,No
1092,313,2023-03-27,4,3,5,3,2,No
1093,1419,2022-12-19,3,3,4,4,1,No
1094,1101,2022-07-01,3,3,4,4,1,No
1095,1164,2023-04-24,4,4,4,4,3,No
1096,965,2023-05-14,4,2,4,4,3,No
1097,561,2022-12-14,4,3,5,5,1,No
1098,467,2022-12-25,3,2,4,2,2,No
1099,949,2020-04-09,5,4,5,5,4,No
1100,1214,2022-10-09,3,1,5,2,2,Yes
1101,916,2020-05-19,3,1,3,4,2,No
1102,58,2020-01-08,3,3,5,1,2,Yes
1103,204,2021-10-26,4,5,3,5,3,Yes
1104,961,2023-09-18,3,3,4,1,1,No
1105,6,2023-08-01,4,2,5,5,2,Yes
1106,1034,2021-11-27,4,3,5,3,2,Yes
1107,701,2023-08-25,4,4,4,2,3,No
1108,63,2023-05-21,3,3,3,3,3,No
1109,318,2023-10-26,3,3,3,2,3,No
1110,482,2023-12-16,4,4,4,5,1,Yes
1111,1056,2022-06-11,3,2,3,4,2,Yes
1112,586,2022-07-16,3,2,4,3,3,No
1113,1354,2022-11-13,4,4,5,4,1,No
1114,439,2023-10-06,4,3,5,4,3,Yes
1115,645,2022-07-11,4,4,3,5,3,Yes
1116,474,2023-05-13,3,3,1,5,1,No
1117,236,2023-08-28,4,3,3,4,3,No
1118,219,2021-04-26,4,5,1,5,2,Yes
1119,478,2022-04-03,3,2,4,3,2,No
1120,1188,2023-10-12,4,3,5,3,3,No
1121,1249,2023-01-06,3,2,4,3,3,No
1122,1095,2023-07-15,3,2,4,5,1,Yes
1123,899,2020-11-14,3,4,2,3,2,Yes
1124,812,2021-11-22,4,4,2,4,5,No
1125,468,2022-05-27,4,3,5,3,3,No
1126,387,2023-06-15,3,2,4,2,1,No
1127,1235,2024-01-01,4,3,3,5,2,No
1128,874,2022-12-24,3,2,4,3,2,No
1129,379,2023-04-26,4,3,4,3,5,Yes
1130,980,2023-12-10,4,4,4,2,4,No
1131,1267,2024-01-06,4,2,5,4,2,No
1132,495,2023-11-09,3,3,3,3,2,No
1133,76,2023-09-01,4,4,4,5,2,No
1134,537,2023-04-11,3,3,3,3,2,No
1135,1051,2023-06-03,4,3,4,5,3,No
1136,1099,2023-12-01,4,4,5,4,2,Yes
1137,19,2021-09-29,3,4,3,2,2,No
1138,661,2021-08-23,4,4,4,4,2,No
1139,1374,2023-09-02,4,4,4,4,3,No
1140,22,2022-01-06,5,4,5,4,4,No
1141,294,2021-08-06,4,2,5,4,2,No
1142,1033,2022-05-02,4,3,3,3,4,No
1143,1018,2022-04-07,3,2,4,3,3,Yes
1144,156,2023-01-30,3,3,3,3,3,No
1145,2,2022-01-02,4,4,5,3,2,No
1146,671,2023-12-11,4,1,4,4,4,Yes
1147,1331,2023-06-19,4,3,4,3,3,No
1148,843,2024-01-14,3,3,1,4,1,No
1149,1227,2023-05-01,3,4,4,2,2,No
1150,464,2023-10-22,4,3,4,4,3,No
1151,723,2023-11-16,4,5,5,4,2,No
1152,247,2024-01-10,3,3,3,3,3,No
1153,660,2023-10-26,4,3,4,4,2,No
1154,862,2022-03-08,4,3,5,3,3,Yes
1155,88,2021-08-19,3,2,5,4,1,No
1156,526,2024-01-08,3,3,4,4,1,Yes
1157,123,2021-07-28,3,3,3,2,3,Yes
1158,769,2023-05-08,5,4,5,5,3,No
1159,885,2023-02-28,4,3,4,5,3,No
1160,783,2022-09-09,3,2,3,3,3,No
1161,475,2018-06-04,4,3,4,3,4,Yes
1162,515,2023-03-25,4,3,3,3,4,No
1163,250,2018-03-25,4,3,5,4,4,No
1164,1275,2023-06-01,3,1,5,2,1,No
1165,1222,2019-09-27,4,4,5,4,2,No
1166,1376,2022-01-09,4,3,4,4,2,No
1167,1126,2023-10-17,4,3,5,5,2,No
1168,84,2018-09-26,4,4,2,5,4,No
1169,819,2023-04-18,4,4,1,5,5,No
1170,744,2023-01-14,3,3,3,3,3,No
1171,225,2020-03-20,4,3,5,5,3,No
1172,1172,2022-08-09,3,3,4,3,1,No
1173,766,2023-06-13,4,4,5,4,2,No
1174,150,2023-01-17,3,2,4,3,2,No
1175,1381,2018-12-25,3,3,3,4,1,No
1176,567,2021-09-23,4,3,4,4,3,Yes
1177,640,2023-09-11,3,3,4,1,2,No
1178,988,2021-03-08,2,3,1,3,1,Yes
1179,1090,2023-05-17,4,3,4,4,2,No
1180,1220,2022-07-19,3,2,4,3,3,No
1181,363,2021-08-27,4,2,4,5,2,No
1182,376,2023-12-22,3,5,3,2,1,No
1183,1343,2022-02-28,4,4,5,3,3,No
1184,749,2019-12-15,3,3,5,2,1,No
1185,746,2021-07-29,4,3,4,4,3,No
1186,587,2023-11-04,3,2,3,3,2,No
1187,1230,2022-07-08,4,2,2,5,4,No
1188,1441,2022-12-05,4,3,3,5,3,No
1189,50,2019-12-31,3,2,3,3,1,No
1190,1171,2023-12-14,3,4,3,3,1,Yes
1191,1353,2020-11-12,4,4,5,4,2,Yes
1192,1091,2023-11-28,3,1,4,2,3,No
1193,273,2023-02-09,3,4,3,1,3,No
1194,673,2023-07-08,3,3,4,4,1,No
1195,260,2022-01-08,3,3,4,3,2,Yes
1196,1038,2023-03-27,4,2,5,4,2,No
1197,720,2022-12-01,4,4,5,2,2,No
1198,1246,2020-07-04,4,5,4,4,2,Yes
1199,1287,2020-10-23,3,3,4,3,2,No
1200,1251,2023-09-11,4,4,4,5,2,Yes
1201,217,2022-07-19,3,2,4,3,2,No
1202,279,2022-08-09,3,3,3,2,3,No
1203,171,2022-08-18,4,3,4,4,2,No
1204,1365,2024-01-28,4,1,3,5,5,No
1205,1102,2023-06-08,3,2,5,2,3,Yes
1206,891,2023-01-22,4,5,4,3,1,Yes
1207,913,2023-11-30,3,3,5,3,1,No
1208,159,2023-10-06,4,3,4,3,5,No
1209,1010,2023-10-31,3,2,4,3,2,No
1210,677,2021-12-27,4,3,4,4,3,Yes
1211,1159,2022-03-10,3,2,5,3,2,No
1212,496,2023-03-02,4,3,5,5,2,No
1213,1348,2022-08-02,3,2,3,5,2,No
1214,158,2022-04-25,4,3,5,3,3,No
1215,510,2023-10-02,3,3,2,3,2,Yes
1216,337,2023-08-16,4,2,4,4,5,No
1217,542,2023-12-19,3,4,3,2,1,No
1218,111,2023-06-05,4,2,5,5,3,Yes
1219,229,2020-12-25,4,3,5,5,1,No
1220,1292,2023-08-13,3,3,3,3,1,No
1221,1263,2022-04-15,3,3,4,3,1,No
1222,473,2021-03-22,4,3,5,4,3,No
1223,804,2023-09-07,3,2,4,3,3,No
1224,401,2022-01-16,4,3,2,5,4,No
1225,281,2023-08-11,4,4,4,3,5,No
1226,176,2023-02-02,4,2,5,4,4,No
1227,768,2019-09-29,3,1,3,4,2,No
1228,274,2023-09-01,5,4,4,4,5,No
1229,554,2023-11-04,4,2,4,5,2,No
1230,613,2023-11-03,4,4,5,4,1,No
1231,856,2023-12-18,5,5,5,3,4,Yes
1232,1094,2020-10-31,4,3,5,5,2,No
1233,1257,2023-09-29,4,4,4,5,1,No
1234,1297,2023-03-28,3,1,5,3,1,No
1235,1118,2024-01-15,3,2,4,3,2,No
1236,1404,2022-12-25,4,4,3,4,4,No
1237,341,2022-06-02,3,2,5,1,2,No
1238,952,2018-11-28,4,3,5,4,3,Yes
1239,516,2021-08-24,4,3,5,3,3,No
1240,504,2020-09-21,3,3,2,4,2,Yes
1241,662,2023-12-01,3,1,5,3,3,Yes
1242,1328,2024-01-05,4,3,4,5,2,No
1243,1396,2022-12-26,3,2,2,4,2,Yes
1244,1098,2022-12-09,3,2,4,3,1,No
1245,740,2023-01-04,4,4,5,4,3,Yes
1246,1269,2019-08-09,4,4,4,3,2,No
1247,1183,2023-12-09,4,3,5,4,1,No
1248,1110,2023-10-01,4,3,3,4,3,No
1249,556,2020-01-09,3,5,4,2,1,No
1250,791,2021-12-07,3,3,5,3,1,No
1251,1173,2021-11-19,3,4,3,1,1,No
1252,437,2020-12-26,4,4,2,3,4,Yes
1253,369,2021-03-29,3,2,5,3,1,No
1254,565,2023-12-10,4,5,4,2,3,Yes
1255,866,2023-06-04,3,2,3,4,1,No
1256,869,2023-11-05,4,4,4,2,3,Yes
1257,858,2020-07-16,3,4,5,1,1,No
1258,529,2021-03-07,4,4,4,4,3,No
1259,61,2020-09-14,3,2,4,5,1,No
1260,1240,2023-09-01,4,4,4,4,1,No
1261,562,2023-09-16,3,1,4,3,4,No
1262,470,2021-06-17,4,3,4,5,4,No
1263,974,2019-12-13,3,2,1,4,3,No
1264,940,2023-12-24,3,1,5,2,1,No
1265,954,2023-07-24,4,5,4,5,2,No
1266,377,2023-03-01,4,5,4,4,2,No
1267,1158,2023-06-20,3,1,3,4,2,No
1268,1063,2023-11-16,4,4,4,3,3,No
1269,996,2019-07-31,4,3,4,4,3,No
1270,1008,2023-01-02,4,3,5,4,2,No
1271,747,2022-12-13,3,1,4,3,2,No
1272,268,2022-03-09,4,4,4,2,3,No
1273,737,2022-03-03,4,4,5,4,3,Yes
1274,242,2023-04-02,4,3,4,5,1,No
1275,129,2021-02-01,3,1,3,5,1,No
1276,358,2024-01-20,4,4,4,5,1,No
1277,612,2022-03-08,3,3,4,3,1,Yes
1278,1147,2019-01-17,3,1,3,3,3,No
1279,187,2022-03-15,4,4,5,4,1,No
1280,854,2022-07-16,4,4,5,4,2,No
1281,460,2020-08-28,3,2,5,3,2,Yes
1282,653,2021-11-01,3,2,4,4,2,Yes
1283,1107,2023-08-09,3,2,3,4,3,No
1284,900,2023-11-29,3,2,4,4,2,Yes
1285,153,2018-12-17,4,3,5,5,3,No
1286,1194,2021-07-05,3,2,4,4,2,No
1287,693,2023-07-16,3,2,5,3,1,No
1288,859,2022-12-08,4,3,4,5,2,No
1289,205,2023-11-27,5,5,4,5,4,No
1290,483,2023-07-10,3,2,4,2,2,No
1291,330,2023-01-02,4,4,1,4,4,Yes
1292,305,2023-01-27,3,2,2,4,4,No
1293,892,2023-08-02,4,4,5,3,1,No
1294,1187,2023-06-18,4,2,5,3,3,Yes
1295,33,2023-11-05,4,2,4,5,3,No
1296,163,2023-08-14,4,5,5,3,2,No
1297,479,2023-02-15,4,4,4,5,3,No
1298,375,2023-04-18,3,3,4,2,3,No
1299,714,2020-08-28,3,3,5,3,1,Yes
1300,920,2023-09-27,4,2,5,5,3,No
1301,724,2022-08-14,3,3,4,4,1,Yes
1302,771,2023-02-11,3,3,4,3,2,No
1303,262,2023-12-23,4,4,4,4,2,No
1304,880,2023-09-30,4,3,5,5,3,No
1305,621,2021-12-09,4,3,5,5,2,Yes
1306,1236,2022-05-18,3,2,1,4,2,No
1307,1439,2023-12-03,3,1,3,4,1,No
1308,837,2023-07-19,3,2,5,2,3,No
1309,923,2023-12-13,4,3,4,3,3,No
1310,341,2023-10-07,4,3,5,3,3,Yes
1311,570,2021-11-01,4,3,5,4,2,Yes
1312,435,2023-01-27,3,2,3,5,1,Yes
1313,1401,2022-01-25,4,4,4,3,5,No
1314,232,2021-01-23,3,2,4,3,2,Yes
1315,1030,2023-12-18,4,4,4,4,3,Yes
1316,35,2022-12-21,4,5,4,3,2,No
1317,798,2023-03-14,3,1,4,4,2,No
1318,809,2023-08-11,4,4,4,4,3,Yes
1319,1440,2023-10-11,4,4,4,3,3,No
1320,1,2022-12-05,4,3,5,3,3,Yes
1321,1152,2023-09-13,4,3,5,4,3,No
1322,499,2021-03-13,4,4,4,5,3,No
1323,153,2020-11-22,5,5,5,4,3,No
1324,1166,2022-10-21,3,3,2,2,2,No
1325,739,2023-06-29,4,4,4,3,2,No
1326,1380,2021-10-20,3,1,4,5,1,No
1327,581,2021-06-25,4,4,3,4,3,Yes
1328,429,2023-10-29,2,1,1,3,3,Yes
1329,46,2021-10-11,4,3,5,4,2,Yes
1330,1011,2023-12-20,3,2,5,3,2,No
1331,117,2023-08-23,2,3,2,2,1,Yes
1332,419,2020-12-22,3,3,3,3,2,No
1333,732,2021-10-05,3,3,4,3,1,Yes
1334,517,2020-08-30,4,3,4,5,2,No
1335,179,2021-08-24,3,2,4,2,1,No
1336,1294,2023-10-28,4,2,5,5,4,No
1337,180,2022-04-13,4,3,4,4,3,No
1338,59,2023-04-06,3,3,5,3,1,No
1339,931,2022-04-13,4,2,4,5,2,No
1340,138,2021-11-22,4,4,4,4,1,No
1341,711,2023-06-30,3,3,5,3,1,Yes
1342,1093,2019-01-11,4,4,4,4,2,Yes
1343,1157,2023-11-20,3,2,3,4,3,No
1344,849,2023-11-03,4,3,5,3,3,No
1345,1028,2019-12-25,4,3,5,2,3,No
1346,116,2022-04-08,4,5,5,4,2,No
1347,1298,2022-12-19,3,2,3,3,2,No
1348,362,2023-12-19,3,3,4,3,2,No
1349,440,2022-06-09,4,2,5,4,2,No
1350,978,2019-08-24,3,3,4,3,2,No
1351,1203,2020-10-11,3,2,5,2,1,No
1352,1100,2022-03-23,3,2,5,3,2,No
1353,569,2023-06-29,4,3,5,5,3,No
1354,846,2023-11-17,4,4,5,5,1,No
1355,712,2020-06-03,3,1,5,3,3,No
1356,181,2023-11-22,4,3,3,5,4,No
1357,146,2023-02-04,4,2,5,4,2,No
1358,657,2022-07-28,4,2,5,5,2,No
1359,498,2023-11-18,3,2,3,4,3,No
1360,328,2022-06-23,3,1,4,4,3,No
1361,1262,2023-05-07,3,2,3,4,2,No
1362,1215,2023-03-13,4,4,5,4,2,No
1363,627,2024-01-04,4,3,4,4,4,No
1364,758,2023-10-17,4,5,4,3,1,No
1365,797,2023-10-01,4,3,5,3,2,No
1366,27,2022-04-12,4,3,4,4,2,No
1367,265,2023-02-13,3,1,3,4,3,No
1368,607,2022-01-06,4,5,4,4,1,Yes
1369,1143,2022-09-22,5,4,5,4,4,No
1370,1003,2019-11-29,4,4,5,4,1,No
1371,1327,2023-01-23,4,2,5,5,2,No
1372,1389,2021-12-26,4,2,5,3,4,No
1373,425,2021-04-08,4,5,5,4,1,No
1374,128,2021-08-12,3,3,4,3,1,No
1375,346,2023-09-09,4,4,3,5,2,No
1376,1283,2023-11-09,4,4,5,4,3,No
1377,1307,2022-05-20,4,5,4,4,1,Yes
1378,1336,2023-07-18,3,3,4,2,1,No
1379,374,2023-12-03,4,4,4,4,3,Yes
1380,1150,2022-04-02,3,2,4,4,2,Yes
1381,509,2023-06-02,3,2,3,3,2,No
1382,1248,2023-06-10,4,4,5,4,1,No
1383,1415,2023-11-25,3,3,3,4,1,No
1384,656,2022-11-06,3,1,4,4,2,Yes
1385,134,2023-12-25,4,3,3,5,4,No
1386,1074,2021-04-22,3,3,3,3,1,No
1387,873,2019-09-14,3,3,1,3,4,No
1388,30,2021-06-15,4,4,4,4,1,No
1389,351,2023-07-01,4,4,4,4,2,No
1390,649,2023-03-05,3,2,5,2,1,No
1391,132,2024-01-15,3,3,3,3,2,No
1392,186,2023-05-23,4,4,5,3,1,No
1393,302,2023-03-27,4,3,5,4,1,No
1394,953,2023-04-02,3,4,3,2,2,No
1395,1041,2022-03-04,3,2,3,1,3,No
1396,1071,2023-05-10,3,3,2,4,2,Yes
1397,605,2023-05-20,3,3,3,3,1,No
1398,963,2021-01-03,3,3,4,4,1,No
1399,392,2019-12-28,4,3,5,3,3,Yes
1400,1253,2021-01-10,5,4,5,5,4,No
1401,239,2022-12-18,4,3,5,4,1,No
1402,535,2023-01-26,5,5,5,4,4,No
1403,224,2021-09-03,4,2,4,4,5,No
1404,921,2018-11-21,4,5,4,4,1,No
1405,1170,2022-07-20,3,3,3,2,1,No
1406,15,2022-03-05,4,2,5,4,4,No
1407,37,2022-08-30,3,4,4,3,1,No
1408,1349,2022-09-26,4,2,4,4,3,No
1409,1416,2021-09-06,4,3,3,4,3,No
1410,1205,2023-12-10,3,2,3,3,3,Yes
1411,568,2024-01-17,4,3,2,5,3,Yes
1412,523,2023-10-18,3,2,3,4,1,No
1413,287,2023-12-24,3,3,4,2,2,No
1414,1069,2023-05-25,3,2,4,3,2,No
1415,1316,2024-01-05,3,3,3,4,2,Yes
1416,1339,2023-12-19,4,3,4,3,3,No
1417,344,2022-06-17,4,4,1,4,4,No
1418,227,2023-04-30,3,2,3,3,1,No
1419,264,2020-04-05,4,3,5,4,3,Yes
1420,226,2023-11-27,4,4,4,4,2,No
1421,1116,2022-08-24,3,1,4,1,4,No
1422,251,2019-12-18,4,4,4,3,2,No
1423,243,2023-12-03,2,2,2,2,2,Yes
1424,886,2022-04-14,4,3,3,4,4,No
1425,709,2021-10-01,3,4,3,4,1,No
1426,124,2023-11-28,4,2,4,5,3,Yes
1427,8,2022-12-10,3,3,2,2,3,No
1428,637,2023-07-03,3,1,5,3,3,Yes
1429,610,2023-11-25,4,2,5,3,3,No
1430,631,2019-09-13,4,3,5,3,3,No
1431,344,2023-02-09,3,2,5,2,2,No
1432,207,2022-05-09,3,1,3,4,2,No
1433,1040,2022-06-17,4,2,5,4,2,No
1434,521,2022-10-28,3,2,4,4,1,No
1435,348,2020-12-06,4,3,5,3,2,Yes
1436,247,2022-03-22,3,2,4,5,1,No
1437,1065,2022-11-04,4,3,4,4,3,No
1438,1129,2022-11-29,4,3,4,4,3,Yes
1439,917,2021-01-19,4,2,5,5,3,No
1440,424,2023-05-12,4,4,3,4,4,No
1441,733,2022-05-01,3,3,4,2,1,No
1442,895,2023-10-17,4,3,5,4,2,No
1443,1151,2023-11-03,3,2,4,1,2,No
1444,754,2020-05-09,4,3,4,4,2,No
1445,624,2023-06-17,4,4,5,3,3,No
1446,779,2021-06-22,3,2,5,3,1,No
1447,98,2022-04-13,3,3,2,5,1,No
1448,695,2020-07-09,3,3,3,2,3,Yes
1449,702,2020-12-25,4,3,5,2,3,No
1450,220,2023-07-23,4,5,5,2,1,No
1451,1112,2023-10-18,4,5,2,5,2,No
1452,1338,2021-06-01,4,4,4,2,3,No
1453,810,2021-06-01,3,3,5,3,1,No
1454,924,2019-09-11,4,4,4,4,2,No
1455,719,2019-08-31,4,3,5,4,2,No
1456,620,2023-06-15,4,3,5,4,1,No
1457,1138,2022-04-13,4,3,5,4,1,Yes
1458,38,2023-06-14,4,4,5,2,3,No
1459,316,2022-10-17,4,3,4,3,4,Yes
1460,1165,2023-07-09,3,1,4,3,2,No
1461,541,2023-04-24,3,4,3,3,2,No
1462,901,2022-10-30,3,2,4,4,1,No
1463,512,2023-05-31,4,4,2,4,3,No
1464,1042,2020-08-10,4,3,5,3,3,No
1465,403,2023-03-03,4,5,3,4,1,Yes
1466,609,2023-11-22,3,3,3,2,4,No
1467,432,2022-04-14,3,1,4,4,1,Yes
1468,1402,2022-09-27,4,2,4,5,2,No
1469,247,2018-10-26,3,3,4,3,1,No
1470,545,2023-08-27,3,2,3,1,3,No
1471,1009,2022-06-24,4,3,4,5,2,No
1472,1133,2023-11-04,4,3,4,4,2,No
1473,1218,2023-04-24,3,3,2,3,4,Yes
1474,575,2023-08-21,3,2,4,4,1,Yes
1475,160,2020-05-22,3,2,4,2,2,No
1476,990,2023-11-15,3,3,3,2,2,No
1477,478,2021-07-07,3,2,3,3,4,No
1478,1412,2023-11-20,3,3,4,4,1,No
1479,514,2021-01-15,3,3,3,2,3,Yes
1480,271,2023-12-19,3,3,1,3,4,No
1481,1238,2022-11-10,4,4,4,3,3,No
1482,396,2020-09-20,3,2,5,1,3,Yes
1483,65,2022-01-04,3,2,4,3,2,Yes
1484,414,2023-10-12,3,2,4,3,2,Yes
1485,1423,2022-11-25,4,3,5,4,3,No
1486,310,2023-07-03,4,3,5,4,3,No
1487,308,2023-11-20,4,3,4,4,2,No
1488,1198,2023-07-18,3,3,4,3,1,No
1489,1259,2023-03-21,4,5,5,4,2,No
1490,1315,2022-03-25,5,5,4,5,3,No
1491,160,2022-11-04,3,3,2,4,3,Yes
1492,767,2024-01-01,3,3,4,4,1,Yes
1493,884,2022-08-09,3,2,1,3,4,No
1494,619,2020-12-07,3,3,4,1,3,No
1495,1322,2023-09-13,4,3,5,4,3,No
1496,576,2023-07-20,2,2,1,4,1,Yes
1497,194,2022-02-25,4,4,4,4,1,Yes
1498,608,2019-08-29,4,3,4,5,3,No
1499,295,2023-09-18,3,3,3,2,3,No
1500,444,2023-06-19,3,3,4,3,2,Yes
1501,1103,2019-11-15,3,2,3,4,2,No
1502,442,2020-07-03,4,5,5,4,2,No
1503,700,2021-09-08,4,3,5,3,2,Yes
1504,932,2021-09-17,5,5,4,5,4,No
1505,18,2023-12-24,2,2,3,2,1,Yes
1506,1441,2022-11-01,4,4,4,4,2,No
1507,666,2023-07-16,3,3,3,4,1,No
1508,172,2024-01-09,4,3,4,3,3,No
1509,443,2022-09-14,4,4,4,2,3,No
1510,511,2021-12-12,4,3,5,5,2,No
1511,1276,2023-05-11,4,3,5,4,2,Yes
1512,123,2021-11-26,4,3,3,5,2,No
1513,982,2022-08-17,3,3,3,3,3,No
1514,1184,2021-04-12,4,3,3,4,3,No
1515,1076,2020-07-12,4,4,4,3,3,Yes
1516,167,2022-02-03,4,2,4,5,4,Yes
1517,110,2021-01-02,5,3,5,5,4,Yes
1518,1351,2023-10-26,4,4,4,5,1,No
1519,1429,2022-01-03,4,3,4,3,3,No
1520,1363,2020-03-21,3,4,3,3,2,No
1521,674,2024-01-11,4,3,4,5,2,No
1522,1131,2023-12-12,4,4,4,3,2,No
1523,993,2023-07-16,3,2,3,3,2,Yes
1524,69,2024-01-13,3,2,4,3,3,No
1525,1189,2020-12-03,4,3,4,2,4,No
1526,407,2023-04-27,4,3,4,4,4,No
1527,1291,2023-04-19,3,3,3,2,3,No
1528,731,2019-03-28,3,4,3,2,1,No
1529,1132,2021-11-25,3,2,2,4,2,No
1530,900,2023-08-10,4,3,5,3,2,No
1531,252,2023-03-19,4,3,5,3,3,No
1532,1162,2021-07-01,4,3,4,4,2,Yes
1533,773,2021-01-31,4,5,5,3,3,No
1534,567,2019-01-31,5,4,5,4,4,No
1535,799,2021-10-09,4,3,5,3,3,No
1536,888,2023-03-24,4,5,4,2,2,No
1537,74,2021-05-07,3,4,4,3,1,No
1538,845,2023-08-28,3,2,3,3,2,No
1539,1264,2022-03-25,4,5,4,3,1,No
1540,96,2023-02-03,3,3,4,3,2,No
1541,1391,2023-11-08,3,3,4,2,3,No
1542,1195,2023-05-25,4,2,5,4,2,No
1543,967,2022-10-24,4,2,4,4,3,No
1544,1393,2023-12-08,4,4,5,3,3,No
1545,1358,2023-05-08,4,3,5,4,2,No
1546,750,2020-07-23,4,4,5,3,2,No
1547,185,2023-02-09,3,3,3,3,2,No
1548,453,2022-06-10,4,2,5,5,3,No
1549,409,2020-06-04,5,4,5,5,4,Yes
1550,372,2023-12-20,4,3,5,3,3,No
1551,572,2020-09-20,4,4,4,5,3,No
1552,894,2023-12-27,3,3,5,3,1,Yes
1553,1116,2023-04-11,3,2,4,2,1,No
1554,947,2023-10-19,4,4,5,5,1,Yes
1555,908,2023-11-25,4,4,4,5,2,No
1556,1088,2023-02-14,4,4,4,4,1,No
1557,759,2023-09-01,4,2,5,4,2,No
1558,706,2023-09-30,4,1,5,5,3,No
1559,1303,2021-09-07,4,5,4,4,3,Yes
1560,1261,2023-09-25,3,3,4,2,3,No
1561,1364,2021-07-22,3,3,4,2,2,No
1562,164,2023-01-07,3,2,3,3,1,No
